p:(0.45569,0.532342),h:2,n:18,cr:0.845699;
p:(0.432452,0.321047),h:1,n:53,cr:0.17749;
p:(0.818716,0.129542),h:1,n:58,cr:0.151352;
p:(0.401282,0.840899),h:1,n:67,cr:0.201097;
p:(0.244149,0.136171),h:1,n:56,cr:0.161964;
p:(0.684893,0.0513816),h:1,n:69,cr:0.312917;
p:(0.111276,0.361601),h:1,n:65,cr:0.172282;
p:(0.668326,0.528885),h:1,n:60,cr:0.143941;
p:(0.666557,0.288778),h:1,n:55,cr:0.155846;
p:(0.72154,0.726846),h:1,n:69,cr:0.170568;
p:(0.872028,0.285149),h:1,n:51,cr:0.167039;
p:(0.45569,0.532342),h:1,n:67,cr:0.20544;
p:(0.897055,0.844113),h:1,n:65,cr:0.162929;
p:(0.191772,0.921405),h:1,n:53,cr:0.198367;
p:(0.868924,0.547397),h:1,n:47,cr:0.147987;
p:(0.0700902,0.0988374),h:1,n:41,cr:0.115884;
p:(0.630243,0.923513),h:1,n:45,cr:0.153733;
p:(0.136956,0.659878),h:1,n:52,cr:0.236156;
p:(0.109733,0.674605),h:1,n:51,cr:0.213347;
p:(0.460309,0.286074),h:0,n:0,cr:0;
p:(0.470325,0.287181),h:0,n:0,cr:0;
p:(0.461706,0.304929),h:0,n:0,cr:0;
p:(0.443339,0.269022),h:0,n:0,cr:0;
p:(0.436585,0.293177),h:0,n:0,cr:0;
p:(0.479777,0.270321),h:0,n:0,cr:0;
p:(0.475806,0.272987),h:0,n:0,cr:0;
p:(0.46905,0.256969),h:0,n:0,cr:0;
p:(0.495977,0.291053),h:0,n:0,cr:0;
p:(0.481936,0.304956),h:0,n:0,cr:0;
p:(0.521261,0.28428),h:0,n:0,cr:0;
p:(0.523745,0.24699),h:0,n:0,cr:0;
p:(0.538055,0.249262),h:0,n:0,cr:0;
p:(0.495408,0.333894),h:0,n:0,cr:0;
p:(0.496074,0.334972),h:0,n:0,cr:0;
p:(0.493831,0.339071),h:0,n:0,cr:0;
p:(0.515532,0.322451),h:0,n:0,cr:0;
p:(0.528892,0.358948),h:0,n:0,cr:0;
p:(0.556908,0.291431),h:0,n:0,cr:0;
p:(0.526827,0.395316),h:0,n:0,cr:0;
p:(0.518515,0.400709),h:0,n:0,cr:0;
p:(0.539413,0.406615),h:0,n:0,cr:0;
p:(0.517391,0.378799),h:0,n:0,cr:0;
p:(0.514352,0.426412),h:0,n:0,cr:0;
p:(0.497847,0.438924),h:0,n:0,cr:0;
p:(0.556444,0.416501),h:0,n:0,cr:0;
p:(0.557561,0.426199),h:0,n:0,cr:0;
p:(0.579765,0.408417),h:0,n:0,cr:0;
p:(0.475164,0.384509),h:0,n:0,cr:0;
p:(0.479455,0.390289),h:0,n:0,cr:0;
p:(0.477961,0.360105),h:0,n:0,cr:0;
p:(0.443043,0.37871),h:0,n:0,cr:0;
p:(0.394239,0.272189),h:0,n:0,cr:0;
p:(0.363598,0.28827),h:0,n:0,cr:0;
p:(0.400985,0.307168),h:0,n:0,cr:0;
p:(0.405917,0.326868),h:0,n:0,cr:0;
p:(0.448881,0.325518),h:0,n:0,cr:0;
p:(0.446645,0.327805),h:0,n:0,cr:0;
p:(0.432452,0.321047),h:0,n:0,cr:0;
p:(0.347116,0.184622),h:0,n:0,cr:0;
p:(0.329642,0.189751),h:0,n:0,cr:0;
p:(0.373556,0.199003),h:0,n:0,cr:0;
p:(0.405267,0.193493),h:0,n:0,cr:0;
p:(0.3993,0.211565),h:0,n:0,cr:0;
p:(0.447034,0.226107),h:0,n:0,cr:0;
p:(0.292432,0.224415),h:0,n:0,cr:0;
p:(0.29416,0.232262),h:0,n:0,cr:0;
p:(0.308157,0.221009),h:0,n:0,cr:0;
p:(0.274897,0.239321),h:0,n:0,cr:0;
p:(0.305239,0.26157),h:0,n:0,cr:0;
p:(0.302225,0.283138),h:0,n:0,cr:0;
p:(0.328777,0.231428),h:0,n:0,cr:0;
p:(0.325177,0.334016),h:0,n:0,cr:0;
p:(0.915221,0.100857),h:0,n:0,cr:0;
p:(0.916851,0.103244),h:0,n:0,cr:0;
p:(0.927866,0.109525),h:0,n:0,cr:0;
p:(0.906964,0.114199),h:0,n:0,cr:0;
p:(0.928678,0.089655),h:0,n:0,cr:0;
p:(0.930653,0.0924893),h:0,n:0,cr:0;
p:(0.933176,0.0894297),h:0,n:0,cr:0;
p:(0.889956,0.125468),h:0,n:0,cr:0;
p:(0.89756,0.136075),h:0,n:0,cr:0;
p:(0.888433,0.102233),h:0,n:0,cr:0;
p:(0.858866,0.133388),h:0,n:0,cr:0;
p:(0.867321,0.141796),h:0,n:0,cr:0;
p:(0.87054,0.0723288),h:0,n:0,cr:0;
p:(0.888949,0.0769947),h:0,n:0,cr:0;
p:(0.865181,0.0939195),h:0,n:0,cr:0;
p:(0.865434,0.109778),h:0,n:0,cr:0;
p:(0.958753,0.0885283),h:0,n:0,cr:0;
p:(0.946435,0.10148),h:0,n:0,cr:0;
p:(0.94664,0.122326),h:0,n:0,cr:0;
p:(0.961014,0.126016),h:0,n:0,cr:0;
p:(0.90417,0.191112),h:0,n:0,cr:0;
p:(0.911647,0.197551),h:0,n:0,cr:0;
p:(0.885014,0.186265),h:0,n:0,cr:0;
p:(0.903394,0.160135),h:0,n:0,cr:0;
p:(0.923728,0.16965),h:0,n:0,cr:0;
p:(0.867469,0.166094),h:0,n:0,cr:0;
p:(0.880009,0.172722),h:0,n:0,cr:0;
p:(0.818716,0.129542),h:0,n:0,cr:0;
p:(0.809095,0.131702),h:0,n:0,cr:0;
p:(0.822882,0.148236),h:0,n:0,cr:0;
p:(0.837986,0.154711),h:0,n:0,cr:0;
p:(0.788231,0.176656),h:0,n:0,cr:0;
p:(0.78859,0.167648),h:0,n:0,cr:0;
p:(0.809371,0.189064),h:0,n:0,cr:0;
p:(0.840804,0.0674623),h:0,n:0,cr:0;
p:(0.809743,0.0950427),h:0,n:0,cr:0;
p:(0.686125,0.0937402),h:0,n:0,cr:0;
p:(0.687387,0.0996401),h:0,n:0,cr:0;
p:(0.684799,0.0825677),h:0,n:0,cr:0;
p:(0.673269,0.119679),h:0,n:0,cr:0;
p:(0.719269,0.113281),h:0,n:0,cr:0;
p:(0.72755,0.139058),h:0,n:0,cr:0;
p:(0.777828,0.129663),h:0,n:0,cr:0;
p:(0.784142,0.138845),h:0,n:0,cr:0;
p:(0.768206,0.122086),h:0,n:0,cr:0;
p:(0.775665,0.15261),h:0,n:0,cr:0;
p:(0.760862,0.0966814),h:0,n:0,cr:0;
p:(0.679788,0.155289),h:0,n:0,cr:0;
p:(0.687861,0.165974),h:0,n:0,cr:0;
p:(0.692488,0.145373),h:0,n:0,cr:0;
p:(0.735147,0.0290106),h:0,n:0,cr:0;
p:(0.748678,0.0364959),h:0,n:0,cr:0;
p:(0.728296,0.0465127),h:0,n:0,cr:0;
p:(0.736901,0.00220922),h:0,n:0,cr:0;
p:(0.772706,0.0520103),h:0,n:0,cr:0;
p:(0.793879,0.054214),h:0,n:0,cr:0;
p:(0.777505,0.00698012),h:0,n:0,cr:0;
p:(0.773301,0.0284525),h:0,n:0,cr:0;
p:(0.43956,0.92397),h:0,n:0,cr:0;
p:(0.437638,0.931835),h:0,n:0,cr:0;
p:(0.427328,0.934495),h:0,n:0,cr:0;
p:(0.46272,0.943863),h:0,n:0,cr:0;
p:(0.428309,0.904539),h:0,n:0,cr:0;
p:(0.435216,0.967868),h:0,n:0,cr:0;
p:(0.425894,0.971047),h:0,n:0,cr:0;
p:(0.427702,0.984202),h:0,n:0,cr:0;
p:(0.363727,0.92542),h:0,n:0,cr:0;
p:(0.358235,0.930854),h:0,n:0,cr:0;
p:(0.379874,0.938963),h:0,n:0,cr:0;
p:(0.386669,0.956111),h:0,n:0,cr:0;
p:(0.400229,0.891529),h:0,n:0,cr:0;
p:(0.46142,0.819677),h:0,n:0,cr:0;
p:(0.465835,0.828546),h:0,n:0,cr:0;
p:(0.44902,0.815905),h:0,n:0,cr:0;
p:(0.460646,0.839351),h:0,n:0,cr:0;
p:(0.463662,0.848942),h:0,n:0,cr:0;
p:(0.438562,0.850586),h:0,n:0,cr:0;
p:(0.43899,0.853785),h:0,n:0,cr:0;
p:(0.452681,0.860784),h:0,n:0,cr:0;
p:(0.440105,0.880075),h:0,n:0,cr:0;
p:(0.437942,0.880596),h:0,n:0,cr:0;
p:(0.398437,0.814767),h:0,n:0,cr:0;
p:(0.401282,0.840899),h:0,n:0,cr:0;
p:(0.551443,0.93342),h:0,n:0,cr:0;
p:(0.547613,0.946811),h:0,n:0,cr:0;
p:(0.563161,0.948708),h:0,n:0,cr:0;
p:(0.549261,0.913355),h:0,n:0,cr:0;
p:(0.550494,0.910726),h:0,n:0,cr:0;
p:(0.552316,0.919591),h:0,n:0,cr:0;
p:(0.520118,0.895354),h:0,n:0,cr:0;
p:(0.510686,0.971466),h:0,n:0,cr:0;
p:(0.493583,0.972775),h:0,n:0,cr:0;
p:(0.532218,0.993528),h:0,n:0,cr:0;
p:(0.488733,0.993774),h:0,n:0,cr:0;
p:(0.477361,0.995165),h:0,n:0,cr:0;
p:(0.413984,0.695984),h:0,n:0,cr:0;
p:(0.394521,0.706067),h:0,n:0,cr:0;
p:(0.417947,0.729499),h:0,n:0,cr:0;
p:(0.400536,0.735723),h:0,n:0,cr:0;
p:(0.35036,0.68667),h:0,n:0,cr:0;
p:(0.34154,0.692463),h:0,n:0,cr:0;
p:(0.362154,0.718867),h:0,n:0,cr:0;
p:(0.360914,0.739794),h:0,n:0,cr:0;
p:(0.394327,0.658831),h:0,n:0,cr:0;
p:(0.381762,0.678351),h:0,n:0,cr:0;
p:(0.375207,0.760249),h:0,n:0,cr:0;
p:(0.383832,0.774273),h:0,n:0,cr:0;
p:(0.335223,0.76823),h:0,n:0,cr:0;
p:(0.27612,0.792995),h:0,n:0,cr:0;
p:(0.288752,0.808617),h:0,n:0,cr:0;
p:(0.292517,0.771358),h:0,n:0,cr:0;
p:(0.256489,0.769121),h:0,n:0,cr:0;
p:(0.257469,0.778257),h:0,n:0,cr:0;
p:(0.305408,0.737408),h:0,n:0,cr:0;
p:(0.284293,0.738534),h:0,n:0,cr:0;
p:(0.292886,0.708262),h:0,n:0,cr:0;
p:(0.265818,0.725771),h:0,n:0,cr:0;
p:(0.495444,0.760475),h:0,n:0,cr:0;
p:(0.495767,0.75829),h:0,n:0,cr:0;
p:(0.475947,0.757282),h:0,n:0,cr:0;
p:(0.530808,0.757294),h:0,n:0,cr:0;
p:(0.526745,0.769914),h:0,n:0,cr:0;
p:(0.522729,0.79092),h:0,n:0,cr:0;
p:(0.457716,0.780868),h:0,n:0,cr:0;
p:(0.487721,0.795231),h:0,n:0,cr:0;
p:(0.244149,0.136171),h:0,n:0,cr:0;
p:(0.259237,0.1442),h:0,n:0,cr:0;
p:(0.238873,0.158316),h:0,n:0,cr:0;
p:(0.222978,0.112911),h:0,n:0,cr:0;
p:(0.268351,0.162572),h:0,n:0,cr:0;
p:(0.293171,0.184577),h:0,n:0,cr:0;
p:(0.293678,0.114668),h:0,n:0,cr:0;
p:(0.301169,0.12608),h:0,n:0,cr:0;
p:(0.31299,0.105576),h:0,n:0,cr:0;
p:(0.284289,0.0767534),h:0,n:0,cr:0;
p:(0.268084,0.0903681),h:0,n:0,cr:0;
p:(0.243528,0.0245755),h:0,n:0,cr:0;
p:(0.267083,0.0350389),h:0,n:0,cr:0;
p:(0.212645,0.0374063),h:0,n:0,cr:0;
p:(0.233944,0.0494732),h:0,n:0,cr:0;
p:(0.214797,0.00323105),h:0,n:0,cr:0;
p:(0.293991,0.0253549),h:0,n:0,cr:0;
p:(0.307763,0.0316532),h:0,n:0,cr:0;
p:(0.341482,0.0501679),h:0,n:0,cr:0;
p:(0.34352,0.0504663),h:0,n:0,cr:0;
p:(0.331386,0.0911486),h:0,n:0,cr:0;
p:(0.179218,0.0475882),h:0,n:0,cr:0;
p:(0.178952,0.0488258),h:0,n:0,cr:0;
p:(0.175413,0.0447295),h:0,n:0,cr:0;
p:(0.178314,0.0601557),h:0,n:0,cr:0;
p:(0.169177,0.0368176),h:0,n:0,cr:0;
p:(0.165015,0.0117453),h:0,n:0,cr:0;
p:(0.152876,0.0328927),h:0,n:0,cr:0;
p:(0.1324,0.0189329),h:0,n:0,cr:0;
p:(0.135545,0.0321839),h:0,n:0,cr:0;
p:(0.15123,0.072545),h:0,n:0,cr:0;
p:(0.154141,0.0901297),h:0,n:0,cr:0;
p:(0.199938,0.255076),h:0,n:0,cr:0;
p:(0.188687,0.257939),h:0,n:0,cr:0;
p:(0.2173,0.271468),h:0,n:0,cr:0;
p:(0.214741,0.278005),h:0,n:0,cr:0;
p:(0.184066,0.282284),h:0,n:0,cr:0;
p:(0.188248,0.287189),h:0,n:0,cr:0;
p:(0.187533,0.276235),h:0,n:0,cr:0;
p:(0.199724,0.287736),h:0,n:0,cr:0;
p:(0.234711,0.247431),h:0,n:0,cr:0;
p:(0.25021,0.256228),h:0,n:0,cr:0;
p:(0.222602,0.219788),h:0,n:0,cr:0;
p:(0.158587,0.164692),h:0,n:0,cr:0;
p:(0.174222,0.170368),h:0,n:0,cr:0;
p:(0.174136,0.187693),h:0,n:0,cr:0;
p:(0.167165,0.202977),h:0,n:0,cr:0;
p:(0.183801,0.219853),h:0,n:0,cr:0;
p:(0.178208,0.221966),h:0,n:0,cr:0;
p:(0.176211,0.240062),h:0,n:0,cr:0;
p:(0.144246,0.213122),h:0,n:0,cr:0;
p:(0.126669,0.227552),h:0,n:0,cr:0;
p:(0.247962,0.193564),h:0,n:0,cr:0;
p:(0.246476,0.194948),h:0,n:0,cr:0;
p:(0.234514,0.203578),h:0,n:0,cr:0;
p:(0.268684,0.19163),h:0,n:0,cr:0;
p:(0.589119,0.0580523),h:0,n:0,cr:0;
p:(0.584998,0.0604589),h:0,n:0,cr:0;
p:(0.591111,0.0534394),h:0,n:0,cr:0;
p:(0.595484,0.0645876),h:0,n:0,cr:0;
p:(0.599644,0.0682348),h:0,n:0,cr:0;
p:(0.590753,0.067696),h:0,n:0,cr:0;
p:(0.614227,0.070557),h:0,n:0,cr:0;
p:(0.576479,0.043379),h:0,n:0,cr:0;
p:(0.579965,0.0443661),h:0,n:0,cr:0;
p:(0.579022,0.0329634),h:0,n:0,cr:0;
p:(0.621823,0.0408643),h:0,n:0,cr:0;
p:(0.641188,0.0468473),h:0,n:0,cr:0;
p:(0.671841,0.0294762),h:0,n:0,cr:0;
p:(0.659146,0.0363274),h:0,n:0,cr:0;
p:(0.684893,0.0513816),h:0,n:0,cr:0;
p:(0.645889,0.00600477),h:0,n:0,cr:0;
p:(0.597114,0.00788008),h:0,n:0,cr:0;
p:(0.579494,0.0913142),h:0,n:0,cr:0;
p:(0.584288,0.0996293),h:0,n:0,cr:0;
p:(0.56106,0.102443),h:0,n:0,cr:0;
p:(0.568076,0.122664),h:0,n:0,cr:0;
p:(0.525995,0.0860558),h:0,n:0,cr:0;
p:(0.532441,0.0876436),h:0,n:0,cr:0;
p:(0.52021,0.0782321),h:0,n:0,cr:0;
p:(0.647522,0.100686),h:0,n:0,cr:0;
p:(0.645453,0.108785),h:0,n:0,cr:0;
p:(0.6076,0.104174),h:0,n:0,cr:0;
p:(0.600492,0.129976),h:0,n:0,cr:0;
p:(0.54114,0.00584319),h:0,n:0,cr:0;
p:(0.538175,0.0166506),h:0,n:0,cr:0;
p:(0.555398,0.0145793),h:0,n:0,cr:0;
p:(0.508799,0.00472651),h:0,n:0,cr:0;
p:(0.531606,0.0392803),h:0,n:0,cr:0;
p:(0.510349,0.0484997),h:0,n:0,cr:0;
p:(0.482491,0.215825),h:0,n:0,cr:0;
p:(0.48546,0.216457),h:0,n:0,cr:0;
p:(0.481733,0.225491),h:0,n:0,cr:0;
p:(0.470674,0.211604),h:0,n:0,cr:0;
p:(0.485866,0.192486),h:0,n:0,cr:0;
p:(0.517715,0.207844),h:0,n:0,cr:0;
p:(0.51964,0.192734),h:0,n:0,cr:0;
p:(0.470564,0.166955),h:0,n:0,cr:0;
p:(0.476585,0.16982),h:0,n:0,cr:0;
p:(0.45265,0.160162),h:0,n:0,cr:0;
p:(0.487427,0.157272),h:0,n:0,cr:0;
p:(0.462065,0.132558),h:0,n:0,cr:0;
p:(0.538557,0.148342),h:0,n:0,cr:0;
p:(0.532846,0.154724),h:0,n:0,cr:0;
p:(0.52997,0.170819),h:0,n:0,cr:0;
p:(0.527075,0.177133),h:0,n:0,cr:0;
p:(0.498525,0.121259),h:0,n:0,cr:0;
p:(0.410011,0.104331),h:0,n:0,cr:0;
p:(0.403541,0.112988),h:0,n:0,cr:0;
p:(0.426555,0.10339),h:0,n:0,cr:0;
p:(0.405089,0.0779371),h:0,n:0,cr:0;
p:(0.381888,0.0974906),h:0,n:0,cr:0;
p:(0.386299,0.140338),h:0,n:0,cr:0;
p:(0.457702,0.0630958),h:0,n:0,cr:0;
p:(0.467471,0.0782579),h:0,n:0,cr:0;
p:(0.426423,0.0470658),h:0,n:0,cr:0;
p:(0.410788,0.00540855),h:0,n:0,cr:0;
p:(0.39829,0.00947013),h:0,n:0,cr:0;
p:(0.434513,0.00323146),h:0,n:0,cr:0;
p:(0.380712,0.00695418),h:0,n:0,cr:0;
p:(0.923381,0.0433947),h:0,n:0,cr:0;
p:(0.887965,0.0529768),h:0,n:0,cr:0;
p:(0.946925,0.0138663),h:0,n:0,cr:0;
p:(0.984363,0.00357857),h:0,n:0,cr:0;
p:(0.997799,0.0540576),h:0,n:0,cr:0;
p:(0.108608,0.456162),h:0,n:0,cr:0;
p:(0.0924937,0.463442),h:0,n:0,cr:0;
p:(0.126222,0.461949),h:0,n:0,cr:0;
p:(0.122489,0.483742),h:0,n:0,cr:0;
p:(0.112648,0.48981),h:0,n:0,cr:0;
p:(0.173065,0.447982),h:0,n:0,cr:0;
p:(0.183765,0.458039),h:0,n:0,cr:0;
p:(0.188201,0.436497),h:0,n:0,cr:0;
p:(0.157139,0.503461),h:0,n:0,cr:0;
p:(0.163131,0.39169),h:0,n:0,cr:0;
p:(0.156679,0.400944),h:0,n:0,cr:0;
p:(0.173373,0.409213),h:0,n:0,cr:0;
p:(0.143982,0.413078),h:0,n:0,cr:0;
p:(0.138114,0.417663),h:0,n:0,cr:0;
p:(0.039717,0.419144),h:0,n:0,cr:0;
p:(0.0347164,0.431844),h:0,n:0,cr:0;
p:(0.0207081,0.413732),h:0,n:0,cr:0;
p:(0.0139049,0.447123),h:0,n:0,cr:0;
p:(0.0736379,0.461489),h:0,n:0,cr:0;
p:(0.080384,0.468185),h:0,n:0,cr:0;
p:(0.0491625,0.449105),h:0,n:0,cr:0;
p:(0.0050762,0.487254),h:0,n:0,cr:0;
p:(0.081265,0.377997),h:0,n:0,cr:0;
p:(0.0995593,0.382896),h:0,n:0,cr:0;
p:(0.0676078,0.33715),h:0,n:0,cr:0;
p:(0.100276,0.416706),h:0,n:0,cr:0;
p:(0.0189108,0.343841),h:0,n:0,cr:0;
p:(0.106272,0.256673),h:0,n:0,cr:0;
p:(0.0992851,0.264624),h:0,n:0,cr:0;
p:(0.084411,0.244858),h:0,n:0,cr:0;
p:(0.0756249,0.28508),h:0,n:0,cr:0;
p:(0.0865962,0.292207),h:0,n:0,cr:0;
p:(0.138082,0.285365),h:0,n:0,cr:0;
p:(0.142119,0.294601),h:0,n:0,cr:0;
p:(0.155336,0.292889),h:0,n:0,cr:0;
p:(0.116995,0.291188),h:0,n:0,cr:0;
p:(0.162757,0.273911),h:0,n:0,cr:0;
p:(0.101446,0.318191),h:0,n:0,cr:0;
p:(0.112205,0.324096),h:0,n:0,cr:0;
p:(0.114216,0.339732),h:0,n:0,cr:0;
p:(0.111276,0.361601),h:0,n:0,cr:0;
p:(0.142889,0.329309),h:0,n:0,cr:0;
p:(0.138238,0.360443),h:0,n:0,cr:0;
p:(0.044991,0.263617),h:0,n:0,cr:0;
p:(0.0463652,0.283917),h:0,n:0,cr:0;
p:(0.0163006,0.242887),h:0,n:0,cr:0;
p:(0.222729,0.347287),h:0,n:0,cr:0;
p:(0.219155,0.349324),h:0,n:0,cr:0;
p:(0.247168,0.360164),h:0,n:0,cr:0;
p:(0.196091,0.320772),h:0,n:0,cr:0;
p:(0.212269,0.385282),h:0,n:0,cr:0;
p:(0.230996,0.385748),h:0,n:0,cr:0;
p:(0.200352,0.401188),h:0,n:0,cr:0;
p:(0.180136,0.359247),h:0,n:0,cr:0;
p:(0.178987,0.359786),h:0,n:0,cr:0;
p:(0.181161,0.341354),h:0,n:0,cr:0;
p:(0.269239,0.321982),h:0,n:0,cr:0;
p:(0.244327,0.326013),h:0,n:0,cr:0;
p:(0.283315,0.352458),h:0,n:0,cr:0;
p:(0.247033,0.406767),h:0,n:0,cr:0;
p:(0.256583,0.417489),h:0,n:0,cr:0;
p:(0.235435,0.417174),h:0,n:0,cr:0;
p:(0.243905,0.436149),h:0,n:0,cr:0;
p:(0.238225,0.450117),h:0,n:0,cr:0;
p:(0.267134,0.43474),h:0,n:0,cr:0;
p:(0.74923,0.474063),h:0,n:0,cr:0;
p:(0.749443,0.480156),h:0,n:0,cr:0;
p:(0.739467,0.47685),h:0,n:0,cr:0;
p:(0.737939,0.462852),h:0,n:0,cr:0;
p:(0.717092,0.460067),h:0,n:0,cr:0;
p:(0.723975,0.464393),h:0,n:0,cr:0;
p:(0.740451,0.446876),h:0,n:0,cr:0;
p:(0.770597,0.463378),h:0,n:0,cr:0;
p:(0.692076,0.44256),h:0,n:0,cr:0;
p:(0.69337,0.444097),h:0,n:0,cr:0;
p:(0.675476,0.48295),h:0,n:0,cr:0;
p:(0.668224,0.487639),h:0,n:0,cr:0;
p:(0.66688,0.497259),h:0,n:0,cr:0;
p:(0.647548,0.478869),h:0,n:0,cr:0;
p:(0.648167,0.489597),h:0,n:0,cr:0;
p:(0.668326,0.528885),h:0,n:0,cr:0;
p:(0.702672,0.540197),h:0,n:0,cr:0;
p:(0.716199,0.54736),h:0,n:0,cr:0;
p:(0.70091,0.518151),h:0,n:0,cr:0;
p:(0.700301,0.567831),h:0,n:0,cr:0;
p:(0.7132,0.587197),h:0,n:0,cr:0;
p:(0.743788,0.526751),h:0,n:0,cr:0;
p:(0.745154,0.530552),h:0,n:0,cr:0;
p:(0.74113,0.505339),h:0,n:0,cr:0;
p:(0.764925,0.53703),h:0,n:0,cr:0;
p:(0.618925,0.596196),h:0,n:0,cr:0;
p:(0.614968,0.607427),h:0,n:0,cr:0;
p:(0.60203,0.587891),h:0,n:0,cr:0;
p:(0.64652,0.592692),h:0,n:0,cr:0;
p:(0.640766,0.59728),h:0,n:0,cr:0;
p:(0.609106,0.627158),h:0,n:0,cr:0;
p:(0.618447,0.642693),h:0,n:0,cr:0;
p:(0.590407,0.617582),h:0,n:0,cr:0;
p:(0.596899,0.645601),h:0,n:0,cr:0;
p:(0.673936,0.63764),h:0,n:0,cr:0;
p:(0.673996,0.629359),h:0,n:0,cr:0;
p:(0.679904,0.645134),h:0,n:0,cr:0;
p:(0.657522,0.64745),h:0,n:0,cr:0;
p:(0.676554,0.596341),h:0,n:0,cr:0;
p:(0.630424,0.507555),h:0,n:0,cr:0;
p:(0.637552,0.524287),h:0,n:0,cr:0;
p:(0.609729,0.525747),h:0,n:0,cr:0;
p:(0.596952,0.544885),h:0,n:0,cr:0;
p:(0.568754,0.546222),h:0,n:0,cr:0;
p:(0.560785,0.554448),h:0,n:0,cr:0;
p:(0.578635,0.529899),h:0,n:0,cr:0;
p:(0.546248,0.551633),h:0,n:0,cr:0;
p:(0.599573,0.474687),h:0,n:0,cr:0;
p:(0.584585,0.476355),h:0,n:0,cr:0;
p:(0.603109,0.492422),h:0,n:0,cr:0;
p:(0.582682,0.446743),h:0,n:0,cr:0;
p:(0.57943,0.452576),h:0,n:0,cr:0;
p:(0.545784,0.46125),h:0,n:0,cr:0;
p:(0.527017,0.50148),h:0,n:0,cr:0;
p:(0.641081,0.431953),h:0,n:0,cr:0;
p:(0.637806,0.432873),h:0,n:0,cr:0;
p:(0.637656,0.452122),h:0,n:0,cr:0;
p:(0.656098,0.413894),h:0,n:0,cr:0;
p:(0.613046,0.442789),h:0,n:0,cr:0;
p:(0.599291,0.448322),h:0,n:0,cr:0;
p:(0.627518,0.261886),h:0,n:0,cr:0;
p:(0.640098,0.26642),h:0,n:0,cr:0;
p:(0.608883,0.258906),h:0,n:0,cr:0;
p:(0.649707,0.248044),h:0,n:0,cr:0;
p:(0.65313,0.257265),h:0,n:0,cr:0;
p:(0.633522,0.281382),h:0,n:0,cr:0;
p:(0.627219,0.292555),h:0,n:0,cr:0;
p:(0.619596,0.281059),h:0,n:0,cr:0;
p:(0.61264,0.296032),h:0,n:0,cr:0;
p:(0.666557,0.288778),h:0,n:0,cr:0;
p:(0.653305,0.31323),h:0,n:0,cr:0;
p:(0.654029,0.323983),h:0,n:0,cr:0;
p:(0.673648,0.323852),h:0,n:0,cr:0;
p:(0.639979,0.354049),h:0,n:0,cr:0;
p:(0.603411,0.35109),h:0,n:0,cr:0;
p:(0.595045,0.361917),h:0,n:0,cr:0;
p:(0.590649,0.31356),h:0,n:0,cr:0;
p:(0.622214,0.387011),h:0,n:0,cr:0;
p:(0.697848,0.31195),h:0,n:0,cr:0;
p:(0.70062,0.316867),h:0,n:0,cr:0;
p:(0.699787,0.327616),h:0,n:0,cr:0;
p:(0.703186,0.332892),h:0,n:0,cr:0;
p:(0.730729,0.328374),h:0,n:0,cr:0;
p:(0.721822,0.350505),h:0,n:0,cr:0;
p:(0.684445,0.383188),h:0,n:0,cr:0;
p:(0.717512,0.399924),h:0,n:0,cr:0;
p:(0.749771,0.368664),h:0,n:0,cr:0;
p:(0.757571,0.384539),h:0,n:0,cr:0;
p:(0.747231,0.349562),h:0,n:0,cr:0;
p:(0.731938,0.188752),h:0,n:0,cr:0;
p:(0.740438,0.202213),h:0,n:0,cr:0;
p:(0.712087,0.182556),h:0,n:0,cr:0;
p:(0.746075,0.224164),h:0,n:0,cr:0;
p:(0.729398,0.225236),h:0,n:0,cr:0;
p:(0.678878,0.215066),h:0,n:0,cr:0;
p:(0.68017,0.230677),h:0,n:0,cr:0;
p:(0.683833,0.196428),h:0,n:0,cr:0;
p:(0.703571,0.220679),h:0,n:0,cr:0;
p:(0.7053,0.232565),h:0,n:0,cr:0;
p:(0.6569,0.195336),h:0,n:0,cr:0;
p:(0.64684,0.20628),h:0,n:0,cr:0;
p:(0.62948,0.229137),h:0,n:0,cr:0;
p:(0.566164,0.190709),h:0,n:0,cr:0;
p:(0.563327,0.202232),h:0,n:0,cr:0;
p:(0.565959,0.169748),h:0,n:0,cr:0;
p:(0.58245,0.210863),h:0,n:0,cr:0;
p:(0.595963,0.165882),h:0,n:0,cr:0;
p:(0.587011,0.168837),h:0,n:0,cr:0;
p:(0.593892,0.180372),h:0,n:0,cr:0;
p:(0.626125,0.176239),h:0,n:0,cr:0;
p:(0.637906,0.182003),h:0,n:0,cr:0;
p:(0.622167,0.191028),h:0,n:0,cr:0;
p:(0.563617,0.242626),h:0,n:0,cr:0;
p:(0.584489,0.244413),h:0,n:0,cr:0;
p:(0.58357,0.265461),h:0,n:0,cr:0;
p:(0.637771,0.759324),h:0,n:0,cr:0;
p:(0.639458,0.759735),h:0,n:0,cr:0;
p:(0.622988,0.752935),h:0,n:0,cr:0;
p:(0.636656,0.740175),h:0,n:0,cr:0;
p:(0.613254,0.722377),h:0,n:0,cr:0;
p:(0.658747,0.761778),h:0,n:0,cr:0;
p:(0.638409,0.70034),h:0,n:0,cr:0;
p:(0.650222,0.706995),h:0,n:0,cr:0;
p:(0.635712,0.717297),h:0,n:0,cr:0;
p:(0.650491,0.687527),h:0,n:0,cr:0;
p:(0.61947,0.693692),h:0,n:0,cr:0;
p:(0.573319,0.755581),h:0,n:0,cr:0;
p:(0.574214,0.762871),h:0,n:0,cr:0;
p:(0.576553,0.773016),h:0,n:0,cr:0;
p:(0.581682,0.783807),h:0,n:0,cr:0;
p:(0.601427,0.770686),h:0,n:0,cr:0;
p:(0.557291,0.708616),h:0,n:0,cr:0;
p:(0.551302,0.716247),h:0,n:0,cr:0;
p:(0.578613,0.736462),h:0,n:0,cr:0;
p:(0.728638,0.711434),h:0,n:0,cr:0;
p:(0.72154,0.726846),h:0,n:0,cr:0;
p:(0.742903,0.727776),h:0,n:0,cr:0;
p:(0.726144,0.746635),h:0,n:0,cr:0;
p:(0.698713,0.681922),h:0,n:0,cr:0;
p:(0.691745,0.768804),h:0,n:0,cr:0;
p:(0.683098,0.786187),h:0,n:0,cr:0;
p:(0.68018,0.748768),h:0,n:0,cr:0;
p:(0.726187,0.637733),h:0,n:0,cr:0;
p:(0.72936,0.638654),h:0,n:0,cr:0;
p:(0.714432,0.635204),h:0,n:0,cr:0;
p:(0.730928,0.652588),h:0,n:0,cr:0;
p:(0.747809,0.62891),h:0,n:0,cr:0;
p:(0.711355,0.611241),h:0,n:0,cr:0;
p:(0.727276,0.615894),h:0,n:0,cr:0;
p:(0.755945,0.599707),h:0,n:0,cr:0;
p:(0.759771,0.609356),h:0,n:0,cr:0;
p:(0.778391,0.622791),h:0,n:0,cr:0;
p:(0.785346,0.676628),h:0,n:0,cr:0;
p:(0.785932,0.684677),h:0,n:0,cr:0;
p:(0.793753,0.690502),h:0,n:0,cr:0;
p:(0.796788,0.703416),h:0,n:0,cr:0;
p:(0.803227,0.67256),h:0,n:0,cr:0;
p:(0.801897,0.677812),h:0,n:0,cr:0;
p:(0.762171,0.690731),h:0,n:0,cr:0;
p:(0.756264,0.693311),h:0,n:0,cr:0;
p:(0.764871,0.699075),h:0,n:0,cr:0;
p:(0.782262,0.719462),h:0,n:0,cr:0;
p:(0.78303,0.732138),h:0,n:0,cr:0;
p:(0.797798,0.732654),h:0,n:0,cr:0;
p:(0.805789,0.749719),h:0,n:0,cr:0;
p:(0.813904,0.753383),h:0,n:0,cr:0;
p:(0.819788,0.742802),h:0,n:0,cr:0;
p:(0.83011,0.761029),h:0,n:0,cr:0;
p:(0.838134,0.724252),h:0,n:0,cr:0;
p:(0.844281,0.735311),h:0,n:0,cr:0;
p:(0.865535,0.721006),h:0,n:0,cr:0;
p:(0.774659,0.792311),h:0,n:0,cr:0;
p:(0.775421,0.79491),h:0,n:0,cr:0;
p:(0.783099,0.79844),h:0,n:0,cr:0;
p:(0.766701,0.80333),h:0,n:0,cr:0;
p:(0.780224,0.766448),h:0,n:0,cr:0;
p:(0.783282,0.774386),h:0,n:0,cr:0;
p:(0.763764,0.774432),h:0,n:0,cr:0;
p:(0.730677,0.827615),h:0,n:0,cr:0;
p:(0.742623,0.84613),h:0,n:0,cr:0;
p:(0.792566,0.861759),h:0,n:0,cr:0;
p:(0.79549,0.865086),h:0,n:0,cr:0;
p:(0.784489,0.859441),h:0,n:0,cr:0;
p:(0.776374,0.833062),h:0,n:0,cr:0;
p:(0.814351,0.384658),h:0,n:0,cr:0;
p:(0.807959,0.387323),h:0,n:0,cr:0;
p:(0.817747,0.393928),h:0,n:0,cr:0;
p:(0.798706,0.389667),h:0,n:0,cr:0;
p:(0.800129,0.390888),h:0,n:0,cr:0;
p:(0.789244,0.374201),h:0,n:0,cr:0;
p:(0.800775,0.411551),h:0,n:0,cr:0;
p:(0.840188,0.394383),h:0,n:0,cr:0;
p:(0.829939,0.394388),h:0,n:0,cr:0;
p:(0.854648,0.39005),h:0,n:0,cr:0;
p:(0.829201,0.330337),h:0,n:0,cr:0;
p:(0.827391,0.331479),h:0,n:0,cr:0;
p:(0.826769,0.290829),h:0,n:0,cr:0;
p:(0.775767,0.288379),h:0,n:0,cr:0;
p:(0.786002,0.307458),h:0,n:0,cr:0;
p:(0.752479,0.297933),h:0,n:0,cr:0;
p:(0.74969,0.304075),h:0,n:0,cr:0;
p:(0.801024,0.291057),h:0,n:0,cr:0;
p:(0.744056,0.267567),h:0,n:0,cr:0;
p:(0.74673,0.277214),h:0,n:0,cr:0;
p:(0.762679,0.326097),h:0,n:0,cr:0;
p:(0.908109,0.252535),h:0,n:0,cr:0;
p:(0.904782,0.257585),h:0,n:0,cr:0;
p:(0.92048,0.240937),h:0,n:0,cr:0;
p:(0.906508,0.279178),h:0,n:0,cr:0;
p:(0.930875,0.267578),h:0,n:0,cr:0;
p:(0.921551,0.221726),h:0,n:0,cr:0;
p:(0.873414,0.232848),h:0,n:0,cr:0;
p:(0.873097,0.254906),h:0,n:0,cr:0;
p:(0.861917,0.203548),h:0,n:0,cr:0;
p:(0.872028,0.285149),h:0,n:0,cr:0;
p:(0.833243,0.233892),h:0,n:0,cr:0;
p:(0.950885,0.323755),h:0,n:0,cr:0;
p:(0.954232,0.333832),h:0,n:0,cr:0;
p:(0.935852,0.324541),h:0,n:0,cr:0;
p:(0.931518,0.347546),h:0,n:0,cr:0;
p:(0.904187,0.31294),h:0,n:0,cr:0;
p:(0.909529,0.317924),h:0,n:0,cr:0;
p:(0.89042,0.312491),h:0,n:0,cr:0;
p:(0.96921,0.296372),h:0,n:0,cr:0;
p:(0.984927,0.29644),h:0,n:0,cr:0;
p:(0.984845,0.338243),h:0,n:0,cr:0;
p:(0.890233,0.348893),h:0,n:0,cr:0;
p:(0.882204,0.366028),h:0,n:0,cr:0;
p:(0.998925,0.218257),h:0,n:0,cr:0;
p:(0.999994,0.204329),h:0,n:0,cr:0;
p:(0.974499,0.195538),h:0,n:0,cr:0;
p:(0.97538,0.153923),h:0,n:0,cr:0;
p:(0.958022,0.253276),h:0,n:0,cr:0;
p:(0.956611,0.254432),h:0,n:0,cr:0;
p:(0.963092,0.264553),h:0,n:0,cr:0;
p:(0.576691,0.593211),h:0,n:0,cr:0;
p:(0.551681,0.594779),h:0,n:0,cr:0;
p:(0.558524,0.623701),h:0,n:0,cr:0;
p:(0.561007,0.64452),h:0,n:0,cr:0;
p:(0.516139,0.624658),h:0,n:0,cr:0;
p:(0.508369,0.635246),h:0,n:0,cr:0;
p:(0.512535,0.667724),h:0,n:0,cr:0;
p:(0.500707,0.677655),h:0,n:0,cr:0;
p:(0.536115,0.667908),h:0,n:0,cr:0;
p:(0.552738,0.675255),h:0,n:0,cr:0;
p:(0.498144,0.5762),h:0,n:0,cr:0;
p:(0.502401,0.578813),h:0,n:0,cr:0;
p:(0.504956,0.565681),h:0,n:0,cr:0;
p:(0.494407,0.552568),h:0,n:0,cr:0;
p:(0.526523,0.58225),h:0,n:0,cr:0;
p:(0.471483,0.59254),h:0,n:0,cr:0;
p:(0.45724,0.640368),h:0,n:0,cr:0;
p:(0.461848,0.648545),h:0,n:0,cr:0;
p:(0.445235,0.647672),h:0,n:0,cr:0;
p:(0.445836,0.652514),h:0,n:0,cr:0;
p:(0.477397,0.628871),h:0,n:0,cr:0;
p:(0.467529,0.678068),h:0,n:0,cr:0;
p:(0.501835,0.694091),h:0,n:0,cr:0;
p:(0.449862,0.717227),h:0,n:0,cr:0;
p:(0.439207,0.717778),h:0,n:0,cr:0;
p:(0.333569,0.536742),h:0,n:0,cr:0;
p:(0.340026,0.53766),h:0,n:0,cr:0;
p:(0.32668,0.532647),h:0,n:0,cr:0;
p:(0.347196,0.532514),h:0,n:0,cr:0;
p:(0.364784,0.513401),h:0,n:0,cr:0;
p:(0.351819,0.554097),h:0,n:0,cr:0;
p:(0.355369,0.558645),h:0,n:0,cr:0;
p:(0.359095,0.552485),h:0,n:0,cr:0;
p:(0.374975,0.558198),h:0,n:0,cr:0;
p:(0.387466,0.568379),h:0,n:0,cr:0;
p:(0.367118,0.615491),h:0,n:0,cr:0;
p:(0.376631,0.630351),h:0,n:0,cr:0;
p:(0.344943,0.598481),h:0,n:0,cr:0;
p:(0.384041,0.590012),h:0,n:0,cr:0;
p:(0.387996,0.596191),h:0,n:0,cr:0;
p:(0.412483,0.611981),h:0,n:0,cr:0;
p:(0.393097,0.481124),h:0,n:0,cr:0;
p:(0.393746,0.496431),h:0,n:0,cr:0;
p:(0.408978,0.459937),h:0,n:0,cr:0;
p:(0.401325,0.518436),h:0,n:0,cr:0;
p:(0.399062,0.533636),h:0,n:0,cr:0;
p:(0.424774,0.512941),h:0,n:0,cr:0;
p:(0.330436,0.484919),h:0,n:0,cr:0;
p:(0.340321,0.507617),h:0,n:0,cr:0;
p:(0.356162,0.480193),h:0,n:0,cr:0;
p:(0.460768,0.457171),h:0,n:0,cr:0;
p:(0.448423,0.458269),h:0,n:0,cr:0;
p:(0.460652,0.471639),h:0,n:0,cr:0;
p:(0.456514,0.434398),h:0,n:0,cr:0;
p:(0.500019,0.467274),h:0,n:0,cr:0;
p:(0.45569,0.532342),h:0,n:0,cr:0;
p:(0.322695,0.381603),h:0,n:0,cr:0;
p:(0.313187,0.395684),h:0,n:0,cr:0;
p:(0.331846,0.402379),h:0,n:0,cr:0;
p:(0.308247,0.433758),h:0,n:0,cr:0;
p:(0.315658,0.434009),h:0,n:0,cr:0;
p:(0.329342,0.429613),h:0,n:0,cr:0;
p:(0.362115,0.380434),h:0,n:0,cr:0;
p:(0.380215,0.382167),h:0,n:0,cr:0;
p:(0.368455,0.400148),h:0,n:0,cr:0;
p:(0.343959,0.359942),h:0,n:0,cr:0;
p:(0.398775,0.366796),h:0,n:0,cr:0;
p:(0.910227,0.867197),h:0,n:0,cr:0;
p:(0.909643,0.873979),h:0,n:0,cr:0;
p:(0.900896,0.875604),h:0,n:0,cr:0;
p:(0.909686,0.886031),h:0,n:0,cr:0;
p:(0.897055,0.844113),h:0,n:0,cr:0;
p:(0.902208,0.85092),h:0,n:0,cr:0;
p:(0.906126,0.843179),h:0,n:0,cr:0;
p:(0.926364,0.844482),h:0,n:0,cr:0;
p:(0.927623,0.846611),h:0,n:0,cr:0;
p:(0.940837,0.825895),h:0,n:0,cr:0;
p:(0.913027,0.819695),h:0,n:0,cr:0;
p:(0.849272,0.831462),h:0,n:0,cr:0;
p:(0.859479,0.848023),h:0,n:0,cr:0;
p:(0.873271,0.831038),h:0,n:0,cr:0;
p:(0.832555,0.812997),h:0,n:0,cr:0;
p:(0.836828,0.818128),h:0,n:0,cr:0;
p:(0.899086,0.767014),h:0,n:0,cr:0;
p:(0.899431,0.747638),h:0,n:0,cr:0;
p:(0.884543,0.794247),h:0,n:0,cr:0;
p:(0.860587,0.804641),h:0,n:0,cr:0;
p:(0.981109,0.845273),h:0,n:0,cr:0;
p:(0.95207,0.75959),h:0,n:0,cr:0;
p:(0.943652,0.772644),h:0,n:0,cr:0;
p:(0.959716,0.775058),h:0,n:0,cr:0;
p:(0.939129,0.799646),h:0,n:0,cr:0;
p:(0.939649,0.788265),h:0,n:0,cr:0;
p:(0.997052,0.748551),h:0,n:0,cr:0;
p:(0.999241,0.756143),h:0,n:0,cr:0;
p:(0.979434,0.743811),h:0,n:0,cr:0;
p:(0.986467,0.707909),h:0,n:0,cr:0;
p:(0.894711,0.726169),h:0,n:0,cr:0;
p:(0.892318,0.728903),h:0,n:0,cr:0;
p:(0.886736,0.735307),h:0,n:0,cr:0;
p:(0.892324,0.711906),h:0,n:0,cr:0;
p:(0.93081,0.720952),h:0,n:0,cr:0;
p:(0.958957,0.736747),h:0,n:0,cr:0;
p:(0.920914,0.684757),h:0,n:0,cr:0;
p:(0.919481,0.699344),h:0,n:0,cr:0;
p:(0.829569,0.91625),h:0,n:0,cr:0;
p:(0.833239,0.925377),h:0,n:0,cr:0;
p:(0.807725,0.919026),h:0,n:0,cr:0;
p:(0.815549,0.926068),h:0,n:0,cr:0;
p:(0.821129,0.892815),h:0,n:0,cr:0;
p:(0.823659,0.89501),h:0,n:0,cr:0;
p:(0.814794,0.895125),h:0,n:0,cr:0;
p:(0.856826,0.909512),h:0,n:0,cr:0;
p:(0.847523,0.959096),h:0,n:0,cr:0;
p:(0.820926,0.968395),h:0,n:0,cr:0;
p:(0.84104,0.99562),h:0,n:0,cr:0;
p:(0.897883,0.899521),h:0,n:0,cr:0;
p:(0.888348,0.907046),h:0,n:0,cr:0;
p:(0.887197,0.933273),h:0,n:0,cr:0;
p:(0.889553,0.945502),h:0,n:0,cr:0;
p:(0.884318,0.967277),h:0,n:0,cr:0;
p:(0.879013,0.986644),h:0,n:0,cr:0;
p:(0.903366,0.983596),h:0,n:0,cr:0;
p:(0.932716,0.981453),h:0,n:0,cr:0;
p:(0.95223,0.916195),h:0,n:0,cr:0;
p:(0.950252,0.920128),h:0,n:0,cr:0;
p:(0.958637,0.91893),h:0,n:0,cr:0;
p:(0.943051,0.916273),h:0,n:0,cr:0;
p:(0.952662,0.948911),h:0,n:0,cr:0;
p:(0.984752,0.935004),h:0,n:0,cr:0;
p:(0.941243,0.880725),h:0,n:0,cr:0;
p:(0.931338,0.900163),h:0,n:0,cr:0;
p:(0.316653,0.931014),h:0,n:0,cr:0;
p:(0.324807,0.931895),h:0,n:0,cr:0;
p:(0.312343,0.943222),h:0,n:0,cr:0;
p:(0.304285,0.888723),h:0,n:0,cr:0;
p:(0.297288,0.904932),h:0,n:0,cr:0;
p:(0.267607,0.862147),h:0,n:0,cr:0;
p:(0.260497,0.877384),h:0,n:0,cr:0;
p:(0.244069,0.848912),h:0,n:0,cr:0;
p:(0.336351,0.847684),h:0,n:0,cr:0;
p:(0.325711,0.86944),h:0,n:0,cr:0;
p:(0.344251,0.814909),h:0,n:0,cr:0;
p:(0.306902,0.827705),h:0,n:0,cr:0;
p:(0.357193,0.878278),h:0,n:0,cr:0;
p:(0.332182,0.962637),h:0,n:0,cr:0;
p:(0.327626,0.985946),h:0,n:0,cr:0;
p:(0.355508,0.98198),h:0,n:0,cr:0;
p:(0.356383,0.99797),h:0,n:0,cr:0;
p:(0.304295,0.992228),h:0,n:0,cr:0;
p:(0.228968,0.893372),h:0,n:0,cr:0;
p:(0.234441,0.896618),h:0,n:0,cr:0;
p:(0.244069,0.912391),h:0,n:0,cr:0;
p:(0.233119,0.926576),h:0,n:0,cr:0;
p:(0.261883,0.943081),h:0,n:0,cr:0;
p:(0.23828,0.970634),h:0,n:0,cr:0;
p:(0.251974,0.970693),h:0,n:0,cr:0;
p:(0.235245,0.944697),h:0,n:0,cr:0;
p:(0.206047,0.965882),h:0,n:0,cr:0;
p:(0.207257,0.994196),h:0,n:0,cr:0;
p:(0.17483,0.926294),h:0,n:0,cr:0;
p:(0.173301,0.937714),h:0,n:0,cr:0;
p:(0.191772,0.921405),h:0,n:0,cr:0;
p:(0.169607,0.906804),h:0,n:0,cr:0;
p:(0.14823,0.925379),h:0,n:0,cr:0;
p:(0.0697553,0.949327),h:0,n:0,cr:0;
p:(0.0745298,0.950104),h:0,n:0,cr:0;
p:(0.071322,0.962551),h:0,n:0,cr:0;
p:(0.0928584,0.961565),h:0,n:0,cr:0;
p:(0.0516852,0.992352),h:0,n:0,cr:0;
p:(0.0560222,0.92522),h:0,n:0,cr:0;
p:(0.0400871,0.925318),h:0,n:0,cr:0;
p:(0.094923,0.998142),h:0,n:0,cr:0;
p:(0.00856861,0.996042),h:0,n:0,cr:0;
p:(0.00416161,0.923069),h:0,n:0,cr:0;
p:(0.00907344,0.923692),h:0,n:0,cr:0;
p:(0.0154439,0.939879),h:0,n:0,cr:0;
p:(0.0116807,0.886344),h:0,n:0,cr:0;
p:(0.00282779,0.900772),h:0,n:0,cr:0;
p:(0.041276,0.798474),h:0,n:0,cr:0;
p:(0.030324,0.806149),h:0,n:0,cr:0;
p:(0.0617606,0.812189),h:0,n:0,cr:0;
p:(0.0477418,0.821842),h:0,n:0,cr:0;
p:(0.0161775,0.845123),h:0,n:0,cr:0;
p:(0.0518689,0.877099),h:0,n:0,cr:0;
p:(0.879885,0.620058),h:0,n:0,cr:0;
p:(0.883037,0.625665),h:0,n:0,cr:0;
p:(0.889813,0.611411),h:0,n:0,cr:0;
p:(0.865679,0.623194),h:0,n:0,cr:0;
p:(0.908485,0.622095),h:0,n:0,cr:0;
p:(0.917395,0.62788),h:0,n:0,cr:0;
p:(0.874309,0.589157),h:0,n:0,cr:0;
p:(0.852411,0.600763),h:0,n:0,cr:0;
p:(0.819374,0.638687),h:0,n:0,cr:0;
p:(0.832225,0.650421),h:0,n:0,cr:0;
p:(0.845005,0.625596),h:0,n:0,cr:0;
p:(0.828957,0.675654),h:0,n:0,cr:0;
p:(0.873021,0.664414),h:0,n:0,cr:0;
p:(0.881232,0.67485),h:0,n:0,cr:0;
p:(0.889343,0.646712),h:0,n:0,cr:0;
p:(0.822426,0.577678),h:0,n:0,cr:0;
p:(0.814139,0.594497),h:0,n:0,cr:0;
p:(0.849856,0.566728),h:0,n:0,cr:0;
p:(0.989134,0.528705),h:0,n:0,cr:0;
p:(0.989483,0.533253),h:0,n:0,cr:0;
p:(0.988351,0.514525),h:0,n:0,cr:0;
p:(0.973147,0.519048),h:0,n:0,cr:0;
p:(0.980315,0.572763),h:0,n:0,cr:0;
p:(0.956468,0.58864),h:0,n:0,cr:0;
p:(0.957709,0.62406),h:0,n:0,cr:0;
p:(0.971818,0.65376),h:0,n:0,cr:0;
p:(0.820146,0.50741),h:0,n:0,cr:0;
p:(0.815991,0.515713),h:0,n:0,cr:0;
p:(0.832609,0.515049),h:0,n:0,cr:0;
p:(0.819102,0.473045),h:0,n:0,cr:0;
p:(0.782631,0.507775),h:0,n:0,cr:0;
p:(0.787197,0.517722),h:0,n:0,cr:0;
p:(0.771248,0.518596),h:0,n:0,cr:0;
p:(0.793657,0.548042),h:0,n:0,cr:0;
p:(0.864194,0.533712),h:0,n:0,cr:0;
p:(0.868924,0.547397),h:0,n:0,cr:0;
p:(0.875932,0.514849),h:0,n:0,cr:0;
p:(0.864579,0.492399),h:0,n:0,cr:0;
p:(0.951267,0.445079),h:0,n:0,cr:0;
p:(0.944318,0.450918),h:0,n:0,cr:0;
p:(0.94982,0.466169),h:0,n:0,cr:0;
p:(0.928,0.459365),h:0,n:0,cr:0;
p:(0.935296,0.426904),h:0,n:0,cr:0;
p:(0.924104,0.427295),h:0,n:0,cr:0;
p:(0.976798,0.455442),h:0,n:0,cr:0;
p:(0.99311,0.473841),h:0,n:0,cr:0;
p:(0.901549,0.432199),h:0,n:0,cr:0;
p:(0.0843902,0.133548),h:0,n:0,cr:0;
p:(0.082577,0.142289),h:0,n:0,cr:0;
p:(0.0934805,0.134902),h:0,n:0,cr:0;
p:(0.109087,0.123969),h:0,n:0,cr:0;
p:(0.103171,0.126075),h:0,n:0,cr:0;
p:(0.117271,0.161353),h:0,n:0,cr:0;
p:(0.126805,0.167241),h:0,n:0,cr:0;
p:(0.119379,0.146135),h:0,n:0,cr:0;
p:(0.101454,0.157275),h:0,n:0,cr:0;
p:(0.0860517,0.180886),h:0,n:0,cr:0;
p:(0.0699064,0.204655),h:0,n:0,cr:0;
p:(0.127743,0.101124),h:0,n:0,cr:0;
p:(0.12979,0.108809),h:0,n:0,cr:0;
p:(0.143224,0.119584),h:0,n:0,cr:0;
p:(0.160824,0.119989),h:0,n:0,cr:0;
p:(0.139001,0.143942),h:0,n:0,cr:0;
p:(0.0131615,0.144946),h:0,n:0,cr:0;
p:(4.68777e-05,0.154927),h:0,n:0,cr:0;
p:(0.0355193,0.157555),h:0,n:0,cr:0;
p:(0.0519388,0.157807),h:0,n:0,cr:0;
p:(0.0591633,0.0300651),h:0,n:0,cr:0;
p:(0.0554106,0.0343068),h:0,n:0,cr:0;
p:(0.0641713,0.020023),h:0,n:0,cr:0;
p:(0.0502633,0.0208639),h:0,n:0,cr:0;
p:(0.0439153,0.0238632),h:0,n:0,cr:0;
p:(0.0626739,0.0471826),h:0,n:0,cr:0;
p:(0.0515083,0.0534223),h:0,n:0,cr:0;
p:(0.0807953,0.0148069),h:0,n:0,cr:0;
p:(0.0937877,0.0443619),h:0,n:0,cr:0;
p:(0.0940727,0.0485317),h:0,n:0,cr:0;
p:(0.0064256,0.0438913),h:0,n:0,cr:0;
p:(0.0205084,0.0530733),h:0,n:0,cr:0;
p:(0.00345808,0.0643416),h:0,n:0,cr:0;
p:(0.0350138,0.037932),h:0,n:0,cr:0;
p:(0.0700902,0.0988374),h:0,n:0,cr:0;
p:(0.0740577,0.110427),h:0,n:0,cr:0;
p:(0.0587232,0.0742604),h:0,n:0,cr:0;
p:(0.0316064,0.112157),h:0,n:0,cr:0;
p:(0.0487385,0.120243),h:0,n:0,cr:0;
p:(0.00112548,0.00570914),h:0,n:0,cr:0;
p:(0.0185558,0.0175198),h:0,n:0,cr:0;
p:(0.621694,0.964248),h:0,n:0,cr:0;
p:(0.639009,0.965682),h:0,n:0,cr:0;
p:(0.600405,0.967694),h:0,n:0,cr:0;
p:(0.613807,0.990165),h:0,n:0,cr:0;
p:(0.644512,0.98498),h:0,n:0,cr:0;
p:(0.657201,0.9953),h:0,n:0,cr:0;
p:(0.656564,0.967405),h:0,n:0,cr:0;
p:(0.65388,0.916523),h:0,n:0,cr:0;
p:(0.645506,0.918992),h:0,n:0,cr:0;
p:(0.630243,0.923513),h:0,n:0,cr:0;
p:(0.640113,0.927706),h:0,n:0,cr:0;
p:(0.668469,0.936754),h:0,n:0,cr:0;
p:(0.657643,0.947001),h:0,n:0,cr:0;
p:(0.738959,0.932485),h:0,n:0,cr:0;
p:(0.747277,0.934181),h:0,n:0,cr:0;
p:(0.743727,0.922572),h:0,n:0,cr:0;
p:(0.718666,0.92454),h:0,n:0,cr:0;
p:(0.712522,0.941311),h:0,n:0,cr:0;
p:(0.775899,0.925511),h:0,n:0,cr:0;
p:(0.778463,0.936349),h:0,n:0,cr:0;
p:(0.761612,0.963505),h:0,n:0,cr:0;
p:(0.745008,0.970042),h:0,n:0,cr:0;
p:(0.769074,0.989541),h:0,n:0,cr:0;
p:(0.601827,0.835533),h:0,n:0,cr:0;
p:(0.611093,0.839868),h:0,n:0,cr:0;
p:(0.580048,0.843894),h:0,n:0,cr:0;
p:(0.573077,0.845633),h:0,n:0,cr:0;
p:(0.625964,0.836104),h:0,n:0,cr:0;
p:(0.573721,0.812947),h:0,n:0,cr:0;
p:(0.576971,0.877614),h:0,n:0,cr:0;
p:(0.53296,0.84391),h:0,n:0,cr:0;
p:(0.52683,0.848),h:0,n:0,cr:0;
p:(0.512932,0.839112),h:0,n:0,cr:0;
p:(0.531033,0.821331),h:0,n:0,cr:0;
p:(0.655368,0.857555),h:0,n:0,cr:0;
p:(0.657304,0.858676),h:0,n:0,cr:0;
p:(0.663252,0.864873),h:0,n:0,cr:0;
p:(0.667341,0.879009),h:0,n:0,cr:0;
p:(0.672017,0.888799),h:0,n:0,cr:0;
p:(0.675694,0.870053),h:0,n:0,cr:0;
p:(0.698096,0.889511),h:0,n:0,cr:0;
p:(0.684219,0.910972),h:0,n:0,cr:0;
p:(0.670024,0.827056),h:0,n:0,cr:0;
p:(0.67771,0.845527),h:0,n:0,cr:0;
p:(0.685986,0.809785),h:0,n:0,cr:0;
p:(0.210883,0.473894),h:0,n:0,cr:0;
p:(0.0354209,0.747803),h:0,n:0,cr:0;
p:(0.00262258,0.687294),h:0,n:0,cr:0;
p:(0.00543489,0.649787),h:0,n:0,cr:0;
p:(0.119111,0.589637),h:0,n:0,cr:0;
p:(0.089609,0.687546),h:0,n:0,cr:0;
p:(0.107848,0.647207),h:0,n:0,cr:0;
p:(0.109337,0.697741),h:0,n:0,cr:0;
p:(0.120834,0.688576),h:0,n:0,cr:0;
p:(0.1767,0.639199),h:0,n:0,cr:0;
p:(0.136956,0.659878),h:0,n:0,cr:0;
p:(0.195898,0.77741),h:0,n:0,cr:0;
p:(0.186029,0.729702),h:0,n:0,cr:0;
p:(0.15239,0.732149),h:0,n:0,cr:0;
p:(0.241415,0.67532),h:0,n:0,cr:0;
p:(0.223656,0.651132),h:0,n:0,cr:0;
p:(0.184025,0.666707),h:0,n:0,cr:0;
p:(0.199617,0.677342),h:0,n:0,cr:0;
p:(0.200947,0.661792),h:0,n:0,cr:0;
p:(0.125475,0.79347),h:0,n:0,cr:0;
p:(0.149882,0.806322),h:0,n:0,cr:0;
p:(0.0988576,0.83505),h:0,n:0,cr:0;
p:(0.0943199,0.809355),h:0,n:0,cr:0;
p:(0.0964041,0.787642),h:0,n:0,cr:0;
p:(0.0975437,0.892721),h:0,n:0,cr:0;
p:(0.109233,0.86909),h:0,n:0,cr:0;
p:(0.118126,0.847953),h:0,n:0,cr:0;
p:(0.204186,0.837272),h:0,n:0,cr:0;
p:(0.233656,0.829808),h:0,n:0,cr:0;
p:(0.1992,0.883299),h:0,n:0,cr:0;
p:(0.158015,0.893318),h:0,n:0,cr:0;
p:(0.1331,0.86385),h:0,n:0,cr:0;
p:(0.163968,0.830012),h:0,n:0,cr:0;
p:(0.0633928,0.567817),h:0,n:0,cr:0;
p:(0.0732357,0.514382),h:0,n:0,cr:0;
p:(0.036516,0.539584),h:0,n:0,cr:0;
p:(0.0356664,0.523548),h:0,n:0,cr:0;
p:(0.0407559,0.511386),h:0,n:0,cr:0;
p:(0.314043,0.573122),h:0,n:0,cr:0;
p:(0.301763,0.65712),h:0,n:0,cr:0;
p:(0.295309,0.615935),h:0,n:0,cr:0;
p:(0.260445,0.649659),h:0,n:0,cr:0;
p:(0.210692,0.606542),h:0,n:0,cr:0;
p:(0.198021,0.612442),h:0,n:0,cr:0;
p:(0.246071,0.576721),h:0,n:0,cr:0;
p:(0.266666,0.53976),h:0,n:0,cr:0;
p:(0.275884,0.547723),h:0,n:0,cr:0;
p:(0.144468,0.564252),h:0,n:0,cr:0;
p:(0.258257,0.48845),h:0,n:0,cr:0;
p:(0.224643,0.541743),h:0,n:0,cr:0;
p:(0.221918,0.506915),h:0,n:0,cr:0;
p:(0.219136,0.477551),h:0,n:0,cr:0;
p:(0.0141502,0.748942),h:0,n:0,cr:0;
p:(0.0174566,0.717597),h:0,n:0,cr:0;
p:(0.0179977,0.650066),h:0,n:0,cr:0;
p:(0.0156992,0.609179),h:0,n:0,cr:0;
p:(0.100709,0.579176),h:0,n:0,cr:0;
p:(0.0635606,0.685722),h:0,n:0,cr:0;
p:(0.074161,0.633072),h:0,n:0,cr:0;
p:(0.109733,0.674605),h:0,n:0,cr:0;
p:(0.121143,0.685786),h:0,n:0,cr:0;
p:(0.141603,0.606969),h:0,n:0,cr:0;
p:(0.144482,0.637054),h:0,n:0,cr:0;
p:(0.214524,0.759208),h:0,n:0,cr:0;
p:(0.164102,0.745071),h:0,n:0,cr:0;
p:(0.258112,0.683574),h:0,n:0,cr:0;
p:(0.23636,0.653087),h:0,n:0,cr:0;
p:(0.180421,0.684178),h:0,n:0,cr:0;
p:(0.211786,0.678161),h:0,n:0,cr:0;
p:(0.192214,0.663227),h:0,n:0,cr:0;
p:(0.137232,0.804177),h:0,n:0,cr:0;
p:(0.150099,0.784295),h:0,n:0,cr:0;
p:(0.159324,0.802604),h:0,n:0,cr:0;
p:(0.0951945,0.815197),h:0,n:0,cr:0;
p:(0.0658506,0.787729),h:0,n:0,cr:0;
p:(0.0841846,0.780251),h:0,n:0,cr:0;
p:(0.114459,0.880683),h:0,n:0,cr:0;
p:(0.112964,0.861265),h:0,n:0,cr:0;
p:(0.124236,0.846642),h:0,n:0,cr:0;
p:(0.190501,0.822875),h:0,n:0,cr:0;
p:(0.226811,0.815294),h:0,n:0,cr:0;
p:(0.180096,0.862918),h:0,n:0,cr:0;
p:(0.14766,0.881062),h:0,n:0,cr:0;
p:(0.147062,0.849692),h:0,n:0,cr:0;
p:(0.155202,0.828622),h:0,n:0,cr:0;
p:(0.0588605,0.560872),h:0,n:0,cr:0;
p:(0.0525293,0.521563),h:0,n:0,cr:0;
p:(0.0306337,0.529754),h:0,n:0,cr:0;
p:(0.0382648,0.514936),h:0,n:0,cr:0;
p:(0.30258,0.586537),h:0,n:0,cr:0;
p:(0.321478,0.66796),h:0,n:0,cr:0;
p:(0.305987,0.645644),h:0,n:0,cr:0;
p:(0.262785,0.604379),h:0,n:0,cr:0;
p:(0.264172,0.633585),h:0,n:0,cr:0;
p:(0.187616,0.618958),h:0,n:0,cr:0;
p:(0.229984,0.578702),h:0,n:0,cr:0;
p:(0.237846,0.564484),h:0,n:0,cr:0;
p:(0.277775,0.55397),h:0,n:0,cr:0;
p:(0.280042,0.546107),h:0,n:0,cr:0;
p:(0.185365,0.553925),h:0,n:0,cr:0;
p:(0.247685,0.543165),h:0,n:0,cr:0;
p:(0.205714,0.522629),h:0,n:0,cr:0;
p:(0.190984,0.483648),h:0,n:0,cr:0;
