p:(0.265993,0.242633),h:1,n:77,cr:0.287987;
p:(0.543587,0.116323),h:1,n:86,cr:0.288126;
p:(0.59211,0.733903),h:1,n:64,cr:0.232946;
p:(0.50123,0.700058),h:1,n:65,cr:0.346645;
p:(0.341529,0.985514),h:1,n:108,cr:0.394114;
p:(0.345994,0.983817),h:1,n:118,cr:0.472111;
p:(0.998884,0.229876),h:1,n:97,cr:0.312292;
p:(0.705072,0.485683),h:1,n:64,cr:0.228329;
p:(0.549261,0.374776),h:1,n:66,cr:0.239126;
p:(0.967491,0.71587),h:1,n:127,cr:0.364325;
p:(0.07122,0.441043),h:1,n:68,cr:0.322706;
p:(0.0902865,0.348496),h:1,n:84,cr:0.352962;
p:(0.366422,0.162977),h:0,n:0,cr:0;
p:(0.408281,0.330736),h:0,n:0,cr:0;
p:(0.362378,0.222479),h:0,n:0,cr:0;
p:(0.335991,0.0826595),h:0,n:0,cr:0;
p:(0.303432,0.0592965),h:0,n:0,cr:0;
p:(0.255918,0.198799),h:0,n:0,cr:0;
p:(0.25484,0.220201),h:0,n:0,cr:0;
p:(0.365101,0.188419),h:0,n:0,cr:0;
p:(0.352571,0.14944),h:0,n:0,cr:0;
p:(0.337858,0.215979),h:0,n:0,cr:0;
p:(0.342626,0.157229),h:0,n:0,cr:0;
p:(0.442076,0.295947),h:0,n:0,cr:0;
p:(0.253559,0.140084),h:0,n:0,cr:0;
p:(0.326523,0.257763),h:0,n:0,cr:0;
p:(0.292913,0.0763844),h:0,n:0,cr:0;
p:(0.298998,0.288038),h:0,n:0,cr:0;
p:(0.367136,0.347474),h:0,n:0,cr:0;
p:(0.374414,0.221508),h:0,n:0,cr:0;
p:(0.382648,0.30723),h:0,n:0,cr:0;
p:(0.270548,0.214448),h:0,n:0,cr:0;
p:(0.37584,0.364657),h:0,n:0,cr:0;
p:(0.402766,0.269461),h:0,n:0,cr:0;
p:(0.376132,0.176929),h:0,n:0,cr:0;
p:(0.39674,0.165559),h:0,n:0,cr:0;
p:(0.264292,0.00457618),h:0,n:0,cr:0;
p:(0.401189,0.301856),h:0,n:0,cr:0;
p:(0.314174,0.204195),h:0,n:0,cr:0;
p:(0.267259,0.130586),h:0,n:0,cr:0;
p:(0.355064,0.247364),h:0,n:0,cr:0;
p:(0.311304,0.145513),h:0,n:0,cr:0;
p:(0.334295,0.318182),h:0,n:0,cr:0;
p:(0.315722,0.196322),h:0,n:0,cr:0;
p:(0.327238,0.0128554),h:0,n:0,cr:0;
p:(0.314778,0.00775226),h:0,n:0,cr:0;
p:(0.342332,0.280458),h:0,n:0,cr:0;
p:(0.395308,0.34821),h:0,n:0,cr:0;
p:(0.275682,0.15238),h:0,n:0,cr:0;
p:(0.312438,0.0270625),h:0,n:0,cr:0;
p:(0.253493,0.136927),h:0,n:0,cr:0;
p:(0.323055,0.000461194),h:0,n:0,cr:0;
p:(0.265993,0.242633),h:0,n:0,cr:0;
p:(0.292863,0.0480772),h:0,n:0,cr:0;
p:(0.328875,0.270608),h:0,n:0,cr:0;
p:(0.436199,0.300456),h:0,n:0,cr:0;
p:(0.344015,0.086183),h:0,n:0,cr:0;
p:(0.345216,0.25313),h:0,n:0,cr:0;
p:(0.350153,0.150174),h:0,n:0,cr:0;
p:(0.406967,0.279388),h:0,n:0,cr:0;
p:(0.368422,0.199354),h:0,n:0,cr:0;
p:(0.333174,0.331052),h:0,n:0,cr:0;
p:(0.36368,0.239178),h:0,n:0,cr:0;
p:(0.335523,0.0792804),h:0,n:0,cr:0;
p:(0.363348,0.0917636),h:0,n:0,cr:0;
p:(0.343856,0.128824),h:0,n:0,cr:0;
p:(0.331696,0.318871),h:0,n:0,cr:0;
p:(0.382268,0.236481),h:0,n:0,cr:0;
p:(0.431195,0.306778),h:0,n:0,cr:0;
p:(0.293399,0.12894),h:0,n:0,cr:0;
p:(0.35894,0.120437),h:0,n:0,cr:0;
p:(0.0976529,0.0583264),h:0,n:0,cr:0;
p:(0.248942,0.0861258),h:0,n:0,cr:0;
p:(0.202148,0.0629915),h:0,n:0,cr:0;
p:(0.180553,0.0668425),h:0,n:0,cr:0;
p:(0.144114,0.0582681),h:0,n:0,cr:0;
p:(0.214671,0.0563416),h:0,n:0,cr:0;
p:(0.216395,0.192599),h:0,n:0,cr:0;
p:(0.148409,0.107333),h:0,n:0,cr:0;
p:(0.128873,0.0950822),h:0,n:0,cr:0;
p:(0.205323,0.168458),h:0,n:0,cr:0;
p:(0.224801,0.0614467),h:0,n:0,cr:0;
p:(0.233942,0.107239),h:0,n:0,cr:0;
p:(0.225292,0.0393802),h:0,n:0,cr:0;
p:(0.123012,0.0697442),h:0,n:0,cr:0;
p:(0.144843,0.0510654),h:0,n:0,cr:0;
p:(0.197243,0.178907),h:0,n:0,cr:0;
p:(0.253264,0.0279502),h:0,n:0,cr:0;
p:(0.10692,0.00256679),h:0,n:0,cr:0;
p:(0.386447,0.0668255),h:0,n:0,cr:0;
p:(0.586549,0.110752),h:0,n:0,cr:0;
p:(0.648114,0.147573),h:0,n:0,cr:0;
p:(0.42383,0.0274076),h:0,n:0,cr:0;
p:(0.501754,0.0814121),h:0,n:0,cr:0;
p:(0.471781,0.0273534),h:0,n:0,cr:0;
p:(0.508497,0.26006),h:0,n:0,cr:0;
p:(0.510817,0.221829),h:0,n:0,cr:0;
p:(0.523861,0.0669186),h:0,n:0,cr:0;
p:(0.621584,0.104423),h:0,n:0,cr:0;
p:(0.727277,0.093513),h:0,n:0,cr:0;
p:(0.409053,0.0604799),h:0,n:0,cr:0;
p:(0.415355,0.0545166),h:0,n:0,cr:0;
p:(0.61087,0.077249),h:0,n:0,cr:0;
p:(0.522685,0.165421),h:0,n:0,cr:0;
p:(0.486873,0.275885),h:0,n:0,cr:0;
p:(0.574646,0.0393918),h:0,n:0,cr:0;
p:(0.581225,0.0504708),h:0,n:0,cr:0;
p:(0.650026,0.113179),h:0,n:0,cr:0;
p:(0.594068,0.0690788),h:0,n:0,cr:0;
p:(0.366155,0.0101791),h:0,n:0,cr:0;
p:(0.424511,0.0651671),h:0,n:0,cr:0;
p:(0.560455,0.192865),h:0,n:0,cr:0;
p:(0.588288,0.105022),h:0,n:0,cr:0;
p:(0.631416,0.153019),h:0,n:0,cr:0;
p:(0.630126,0.0787438),h:0,n:0,cr:0;
p:(0.441056,0.118882),h:0,n:0,cr:0;
p:(0.399912,0.095099),h:0,n:0,cr:0;
p:(0.410655,0.0744444),h:0,n:0,cr:0;
p:(0.519547,0.0303549),h:0,n:0,cr:0;
p:(0.421918,0.0991811),h:0,n:0,cr:0;
p:(0.457132,0.281045),h:0,n:0,cr:0;
p:(0.581055,0.172458),h:0,n:0,cr:0;
p:(0.359797,0.00162568),h:0,n:0,cr:0;
p:(0.695101,0.119975),h:0,n:0,cr:0;
p:(0.532632,0.0413366),h:0,n:0,cr:0;
p:(0.575917,0.0870844),h:0,n:0,cr:0;
p:(0.5855,0.0239372),h:0,n:0,cr:0;
p:(0.513997,0.0597336),h:0,n:0,cr:0;
p:(0.542555,0.0387681),h:0,n:0,cr:0;
p:(0.582878,0.0956002),h:0,n:0,cr:0;
p:(0.520483,0.161712),h:0,n:0,cr:0;
p:(0.49777,0.20869),h:0,n:0,cr:0;
p:(0.536487,0.210373),h:0,n:0,cr:0;
p:(0.471915,0.241859),h:0,n:0,cr:0;
p:(0.45055,0.11962),h:0,n:0,cr:0;
p:(0.816166,0.0297616),h:0,n:0,cr:0;
p:(0.377747,0.0659864),h:0,n:0,cr:0;
p:(0.512797,0.00112034),h:0,n:0,cr:0;
p:(0.572887,0.092909),h:0,n:0,cr:0;
p:(0.357355,0.0285371),h:0,n:0,cr:0;
p:(0.664952,0.055479),h:0,n:0,cr:0;
p:(0.512583,0.0571687),h:0,n:0,cr:0;
p:(0.693336,0.0941603),h:0,n:0,cr:0;
p:(0.503114,0.10326),h:0,n:0,cr:0;
p:(0.454078,0.0962044),h:0,n:0,cr:0;
p:(0.555066,0.102402),h:0,n:0,cr:0;
p:(0.337943,0.00501362),h:0,n:0,cr:0;
p:(0.543587,0.116323),h:0,n:0,cr:0;
p:(0.370085,0.0110505),h:0,n:0,cr:0;
p:(0.677346,0.079851),h:0,n:0,cr:0;
p:(0.736767,0.0280525),h:0,n:0,cr:0;
p:(0.530142,0.161709),h:0,n:0,cr:0;
p:(0.495017,0.195403),h:0,n:0,cr:0;
p:(0.518694,0.144051),h:0,n:0,cr:0;
p:(0.552367,0.164511),h:0,n:0,cr:0;
p:(0.535392,0.0551488),h:0,n:0,cr:0;
p:(0.512189,0.0142251),h:0,n:0,cr:0;
p:(0.600218,0.192633),h:0,n:0,cr:0;
p:(0.818628,0.0304778),h:0,n:0,cr:0;
p:(0.718009,0.0878245),h:0,n:0,cr:0;
p:(0.372294,0.0946941),h:0,n:0,cr:0;
p:(0.51145,0.0450551),h:0,n:0,cr:0;
p:(0.486867,0.0813209),h:0,n:0,cr:0;
p:(0.570273,0.140473),h:0,n:0,cr:0;
p:(0.581926,0.0364249),h:0,n:0,cr:0;
p:(0.697719,0.029309),h:0,n:0,cr:0;
p:(0.396396,0.022159),h:0,n:0,cr:0;
p:(0.661679,0.0572826),h:0,n:0,cr:0;
p:(0.501198,0.156985),h:0,n:0,cr:0;
p:(0.578971,0.112443),h:0,n:0,cr:0;
p:(0.53901,0.0349786),h:0,n:0,cr:0;
p:(0.765476,0.0151563),h:0,n:0,cr:0;
p:(0.594496,0.155952),h:0,n:0,cr:0;
p:(0.492907,0.116491),h:0,n:0,cr:0;
p:(0.487969,0.114404),h:0,n:0,cr:0;
p:(0.6447,0.806896),h:0,n:0,cr:0;
p:(0.662579,0.822278),h:0,n:0,cr:0;
p:(0.693,0.669333),h:0,n:0,cr:0;
p:(0.570765,0.740261),h:0,n:0,cr:0;
p:(0.599953,0.57961),h:0,n:0,cr:0;
p:(0.727756,0.705472),h:0,n:0,cr:0;
p:(0.673348,0.901892),h:0,n:0,cr:0;
p:(0.586095,0.82343),h:0,n:0,cr:0;
p:(0.668957,0.810214),h:0,n:0,cr:0;
p:(0.586502,0.633927),h:0,n:0,cr:0;
p:(0.639131,0.715577),h:0,n:0,cr:0;
p:(0.680263,0.737804),h:0,n:0,cr:0;
p:(0.638887,0.591462),h:0,n:0,cr:0;
p:(0.682238,0.735732),h:0,n:0,cr:0;
p:(0.717767,0.850731),h:0,n:0,cr:0;
p:(0.649081,0.812878),h:0,n:0,cr:0;
p:(0.59211,0.733903),h:0,n:0,cr:0;
p:(0.661894,0.717672),h:0,n:0,cr:0;
p:(0.748807,0.679986),h:0,n:0,cr:0;
p:(0.729739,0.777791),h:0,n:0,cr:0;
p:(0.607652,0.570833),h:0,n:0,cr:0;
p:(0.586441,0.713466),h:0,n:0,cr:0;
p:(0.586447,0.612653),h:0,n:0,cr:0;
p:(0.594504,0.820012),h:0,n:0,cr:0;
p:(0.580937,0.686027),h:0,n:0,cr:0;
p:(0.705372,0.670239),h:0,n:0,cr:0;
p:(0.546487,0.737674),h:0,n:0,cr:0;
p:(0.620091,0.706362),h:0,n:0,cr:0;
p:(0.676177,0.696777),h:0,n:0,cr:0;
p:(0.649877,0.571767),h:0,n:0,cr:0;
p:(0.618112,0.854692),h:0,n:0,cr:0;
p:(0.671779,0.602904),h:0,n:0,cr:0;
p:(0.649374,0.802146),h:0,n:0,cr:0;
p:(0.67856,0.680701),h:0,n:0,cr:0;
p:(0.684229,0.947861),h:0,n:0,cr:0;
p:(0.625481,0.825562),h:0,n:0,cr:0;
p:(0.637219,0.82226),h:0,n:0,cr:0;
p:(0.595519,0.597091),h:0,n:0,cr:0;
p:(0.66526,0.831369),h:0,n:0,cr:0;
p:(0.710239,0.669083),h:0,n:0,cr:0;
p:(0.645816,0.587146),h:0,n:0,cr:0;
p:(0.694638,0.854356),h:0,n:0,cr:0;
p:(0.652875,0.842984),h:0,n:0,cr:0;
p:(0.670913,0.840666),h:0,n:0,cr:0;
p:(0.685024,0.770709),h:0,n:0,cr:0;
p:(0.725023,0.709627),h:0,n:0,cr:0;
p:(0.648059,0.5855),h:0,n:0,cr:0;
p:(0.62454,0.757788),h:0,n:0,cr:0;
p:(0.618596,0.656932),h:0,n:0,cr:0;
p:(0.671204,0.71849),h:0,n:0,cr:0;
p:(0.690229,0.630269),h:0,n:0,cr:0;
p:(0.699155,0.613948),h:0,n:0,cr:0;
p:(0.709863,0.722406),h:0,n:0,cr:0;
p:(0.592731,0.808995),h:0,n:0,cr:0;
p:(0.664307,0.855388),h:0,n:0,cr:0;
p:(0.724981,0.770841),h:0,n:0,cr:0;
p:(0.626748,0.522211),h:0,n:0,cr:0;
p:(0.740372,0.624115),h:0,n:0,cr:0;
p:(0.764711,0.683882),h:0,n:0,cr:0;
p:(0.736706,0.591799),h:0,n:0,cr:0;
p:(0.762278,0.672235),h:0,n:0,cr:0;
p:(0.753892,0.595823),h:0,n:0,cr:0;
p:(0.738631,0.644556),h:0,n:0,cr:0;
p:(0.641594,0.530895),h:0,n:0,cr:0;
p:(0.516229,0.59934),h:0,n:0,cr:0;
p:(0.463985,0.611032),h:0,n:0,cr:0;
p:(0.44492,0.458035),h:0,n:0,cr:0;
p:(0.440781,0.428158),h:0,n:0,cr:0;
p:(0.381331,0.442076),h:0,n:0,cr:0;
p:(0.574163,0.607594),h:0,n:0,cr:0;
p:(0.419249,0.539051),h:0,n:0,cr:0;
p:(0.363239,0.528297),h:0,n:0,cr:0;
p:(0.523126,0.64878),h:0,n:0,cr:0;
p:(0.441778,0.552224),h:0,n:0,cr:0;
p:(0.474846,0.446665),h:0,n:0,cr:0;
p:(0.438138,0.553616),h:0,n:0,cr:0;
p:(0.406316,0.415804),h:0,n:0,cr:0;
p:(0.45971,0.643024),h:0,n:0,cr:0;
p:(0.511471,0.532394),h:0,n:0,cr:0;
p:(0.512248,0.538565),h:0,n:0,cr:0;
p:(0.405264,0.431066),h:0,n:0,cr:0;
p:(0.391232,0.503049),h:0,n:0,cr:0;
p:(0.438163,0.57672),h:0,n:0,cr:0;
p:(0.369442,0.400665),h:0,n:0,cr:0;
p:(0.371365,0.449483),h:0,n:0,cr:0;
p:(0.572028,0.648335),h:0,n:0,cr:0;
p:(0.451669,0.619025),h:0,n:0,cr:0;
p:(0.50425,0.664655),h:0,n:0,cr:0;
p:(0.446228,0.527244),h:0,n:0,cr:0;
p:(0.546376,0.595073),h:0,n:0,cr:0;
p:(0.53765,0.617821),h:0,n:0,cr:0;
p:(0.399434,0.415126),h:0,n:0,cr:0;
p:(0.503319,0.56877),h:0,n:0,cr:0;
p:(0.482781,0.488103),h:0,n:0,cr:0;
p:(0.583205,0.556954),h:0,n:0,cr:0;
p:(0.35982,0.455476),h:0,n:0,cr:0;
p:(0.365699,0.418827),h:0,n:0,cr:0;
p:(0.50123,0.700058),h:0,n:0,cr:0;
p:(0.465183,0.431305),h:0,n:0,cr:0;
p:(0.368182,0.471431),h:0,n:0,cr:0;
p:(0.427299,0.560358),h:0,n:0,cr:0;
p:(0.401486,0.54593),h:0,n:0,cr:0;
p:(0.497403,0.564231),h:0,n:0,cr:0;
p:(0.555687,0.57615),h:0,n:0,cr:0;
p:(0.475649,0.492743),h:0,n:0,cr:0;
p:(0.549662,0.492005),h:0,n:0,cr:0;
p:(0.551414,0.576886),h:0,n:0,cr:0;
p:(0.335662,0.467514),h:0,n:0,cr:0;
p:(0.585513,0.550457),h:0,n:0,cr:0;
p:(0.573466,0.499071),h:0,n:0,cr:0;
p:(0.40574,0.471501),h:0,n:0,cr:0;
p:(0.356287,0.49593),h:0,n:0,cr:0;
p:(0.4035,0.542764),h:0,n:0,cr:0;
p:(0.424384,0.543154),h:0,n:0,cr:0;
p:(0.439743,0.545069),h:0,n:0,cr:0;
p:(0.518289,0.633834),h:0,n:0,cr:0;
p:(0.581508,0.58302),h:0,n:0,cr:0;
p:(0.41703,0.431858),h:0,n:0,cr:0;
p:(0.370654,0.456733),h:0,n:0,cr:0;
p:(0.384107,0.373799),h:0,n:0,cr:0;
p:(0.51631,0.548193),h:0,n:0,cr:0;
p:(0.543257,0.70914),h:0,n:0,cr:0;
p:(0.519865,0.7348),h:0,n:0,cr:0;
p:(0.423674,0.547796),h:0,n:0,cr:0;
p:(0.557498,0.514571),h:0,n:0,cr:0;
p:(0.418507,0.526172),h:0,n:0,cr:0;
p:(0.486277,0.694335),h:0,n:0,cr:0;
p:(0.423268,0.599064),h:0,n:0,cr:0;
p:(0.557934,0.488501),h:0,n:0,cr:0;
p:(0.227153,0.801559),h:0,n:0,cr:0;
p:(0.310437,0.93947),h:0,n:0,cr:0;
p:(0.33416,0.972995),h:0,n:0,cr:0;
p:(0.153633,0.833308),h:0,n:0,cr:0;
p:(0.106073,0.836974),h:0,n:0,cr:0;
p:(0.155789,0.940058),h:0,n:0,cr:0;
p:(0.103787,0.679828),h:0,n:0,cr:0;
p:(0.069765,0.748487),h:0,n:0,cr:0;
p:(0.0920254,0.755249),h:0,n:0,cr:0;
p:(0.102155,0.838443),h:0,n:0,cr:0;
p:(0.0105638,0.829247),h:0,n:0,cr:0;
p:(0.118675,0.837501),h:0,n:0,cr:0;
p:(0.120365,0.918121),h:0,n:0,cr:0;
p:(0.239503,0.776288),h:0,n:0,cr:0;
p:(0.161621,0.837893),h:0,n:0,cr:0;
p:(0.059764,0.90846),h:0,n:0,cr:0;
p:(0.177351,0.743473),h:0,n:0,cr:0;
p:(0.115796,0.748146),h:0,n:0,cr:0;
p:(0.065668,0.982818),h:0,n:0,cr:0;
p:(0.282083,0.942376),h:0,n:0,cr:0;
p:(0.162576,0.986255),h:0,n:0,cr:0;
p:(0.0968454,0.850316),h:0,n:0,cr:0;
p:(0.0797683,0.798765),h:0,n:0,cr:0;
p:(0.183146,0.799177),h:0,n:0,cr:0;
p:(0.224337,0.84432),h:0,n:0,cr:0;
p:(0.293228,0.916303),h:0,n:0,cr:0;
p:(0.194601,0.625917),h:0,n:0,cr:0;
p:(0.204886,0.910503),h:0,n:0,cr:0;
p:(0.167738,0.82759),h:0,n:0,cr:0;
p:(0.261372,0.932449),h:0,n:0,cr:0;
p:(0.248941,0.934248),h:0,n:0,cr:0;
p:(0.250537,0.884632),h:0,n:0,cr:0;
p:(0.145407,0.984966),h:0,n:0,cr:0;
p:(0.242729,0.808029),h:0,n:0,cr:0;
p:(0.11981,0.811053),h:0,n:0,cr:0;
p:(0.0976189,0.849621),h:0,n:0,cr:0;
p:(0.00485856,0.810499),h:0,n:0,cr:0;
p:(0.0886967,0.956775),h:0,n:0,cr:0;
p:(0.226706,0.821759),h:0,n:0,cr:0;
p:(0.292326,0.976041),h:0,n:0,cr:0;
p:(0.241265,0.800168),h:0,n:0,cr:0;
p:(0.0224181,0.812826),h:0,n:0,cr:0;
p:(0.139322,0.748029),h:0,n:0,cr:0;
p:(0.136483,0.679708),h:0,n:0,cr:0;
p:(0.00319551,0.911503),h:0,n:0,cr:0;
p:(0.228705,0.848888),h:0,n:0,cr:0;
p:(0.0765916,0.705977),h:0,n:0,cr:0;
p:(0.213585,0.942578),h:0,n:0,cr:0;
p:(0.213913,0.959659),h:0,n:0,cr:0;
p:(0.316507,0.941528),h:0,n:0,cr:0;
p:(0.1602,0.856142),h:0,n:0,cr:0;
p:(0.0179765,0.767847),h:0,n:0,cr:0;
p:(0.0781482,0.773413),h:0,n:0,cr:0;
p:(0.190107,0.624524),h:0,n:0,cr:0;
p:(0.184723,0.632112),h:0,n:0,cr:0;
p:(0.139005,0.885372),h:0,n:0,cr:0;
p:(0.0726759,0.862806),h:0,n:0,cr:0;
p:(0.236978,0.72205),h:0,n:0,cr:0;
p:(0.159621,0.95448),h:0,n:0,cr:0;
p:(0.110448,0.72408),h:0,n:0,cr:0;
p:(0.170373,0.987793),h:0,n:0,cr:0;
p:(0.267742,0.951445),h:0,n:0,cr:0;
p:(0.0476491,0.775825),h:0,n:0,cr:0;
p:(0.109379,0.77904),h:0,n:0,cr:0;
p:(0.0594975,0.895899),h:0,n:0,cr:0;
p:(0.211355,0.976264),h:0,n:0,cr:0;
p:(0.105186,0.795599),h:0,n:0,cr:0;
p:(0.341529,0.985514),h:0,n:0,cr:0;
p:(0.0653648,0.870536),h:0,n:0,cr:0;
p:(0.186282,0.695649),h:0,n:0,cr:0;
p:(0.207272,0.806566),h:0,n:0,cr:0;
p:(0.234252,0.778716),h:0,n:0,cr:0;
p:(0.0433006,0.735944),h:0,n:0,cr:0;
p:(0.187654,0.744848),h:0,n:0,cr:0;
p:(0.0696288,0.955666),h:0,n:0,cr:0;
p:(0.233262,0.915922),h:0,n:0,cr:0;
p:(0.112894,0.85726),h:0,n:0,cr:0;
p:(0.0545379,0.730483),h:0,n:0,cr:0;
p:(0.207458,0.908568),h:0,n:0,cr:0;
p:(0.192014,0.943972),h:0,n:0,cr:0;
p:(0.211625,0.814499),h:0,n:0,cr:0;
p:(0.214579,0.973746),h:0,n:0,cr:0;
p:(0.0218229,0.940604),h:0,n:0,cr:0;
p:(0.00776243,0.978468),h:0,n:0,cr:0;
p:(0.201611,0.969034),h:0,n:0,cr:0;
p:(0.206458,0.722249),h:0,n:0,cr:0;
p:(0.0715704,0.788002),h:0,n:0,cr:0;
p:(0.201752,0.816837),h:0,n:0,cr:0;
p:(0.204634,0.998317),h:0,n:0,cr:0;
p:(0.126376,0.786141),h:0,n:0,cr:0;
p:(0.230106,0.753437),h:0,n:0,cr:0;
p:(0.231495,0.792731),h:0,n:0,cr:0;
p:(0.170112,0.734334),h:0,n:0,cr:0;
p:(0.240837,0.740385),h:0,n:0,cr:0;
p:(0.292685,0.995064),h:0,n:0,cr:0;
p:(0.289847,0.846763),h:0,n:0,cr:0;
p:(0.156759,0.637396),h:0,n:0,cr:0;
p:(0.0979529,0.781183),h:0,n:0,cr:0;
p:(0.0945251,0.87999),h:0,n:0,cr:0;
p:(0.160007,0.997535),h:0,n:0,cr:0;
p:(0.102324,0.957269),h:0,n:0,cr:0;
p:(0.196447,0.851754),h:0,n:0,cr:0;
p:(0.314445,0.935406),h:0,n:0,cr:0;
p:(0.0571376,0.976124),h:0,n:0,cr:0;
p:(0.229297,0.806705),h:0,n:0,cr:0;
p:(0.326485,0.976764),h:0,n:0,cr:0;
p:(0.159121,0.909545),h:0,n:0,cr:0;
p:(0.0601296,0.843123),h:0,n:0,cr:0;
p:(0.613006,0.894311),h:0,n:0,cr:0;
p:(0.472736,0.689584),h:0,n:0,cr:0;
p:(0.57168,0.870222),h:0,n:0,cr:0;
p:(0.506307,0.765685),h:0,n:0,cr:0;
p:(0.277145,0.569839),h:0,n:0,cr:0;
p:(0.486724,0.732344),h:0,n:0,cr:0;
p:(0.561591,0.83132),h:0,n:0,cr:0;
p:(0.237548,0.569521),h:0,n:0,cr:0;
p:(0.343095,0.669489),h:0,n:0,cr:0;
p:(0.45993,0.698603),h:0,n:0,cr:0;
p:(0.368092,0.559703),h:0,n:0,cr:0;
p:(0.327076,0.54579),h:0,n:0,cr:0;
p:(0.473201,0.923296),h:0,n:0,cr:0;
p:(0.311208,0.5409),h:0,n:0,cr:0;
p:(0.516054,0.922493),h:0,n:0,cr:0;
p:(0.605538,0.860887),h:0,n:0,cr:0;
p:(0.445579,0.697445),h:0,n:0,cr:0;
p:(0.507659,0.785323),h:0,n:0,cr:0;
p:(0.386655,0.959271),h:0,n:0,cr:0;
p:(0.237094,0.571035),h:0,n:0,cr:0;
p:(0.43209,0.884487),h:0,n:0,cr:0;
p:(0.271023,0.747201),h:0,n:0,cr:0;
p:(0.433529,0.875902),h:0,n:0,cr:0;
p:(0.563598,0.929001),h:0,n:0,cr:0;
p:(0.464119,0.713269),h:0,n:0,cr:0;
p:(0.382183,0.977708),h:0,n:0,cr:0;
p:(0.528983,0.778269),h:0,n:0,cr:0;
p:(0.612435,0.877626),h:0,n:0,cr:0;
p:(0.342059,0.516812),h:0,n:0,cr:0;
p:(0.322023,0.512315),h:0,n:0,cr:0;
p:(0.585043,0.905095),h:0,n:0,cr:0;
p:(0.236975,0.641082),h:0,n:0,cr:0;
p:(0.463666,0.966792),h:0,n:0,cr:0;
p:(0.522227,0.832919),h:0,n:0,cr:0;
p:(0.41249,0.780259),h:0,n:0,cr:0;
p:(0.30485,0.655219),h:0,n:0,cr:0;
p:(0.321534,0.770355),h:0,n:0,cr:0;
p:(0.43121,0.938871),h:0,n:0,cr:0;
p:(0.514041,0.918135),h:0,n:0,cr:0;
p:(0.346394,0.553232),h:0,n:0,cr:0;
p:(0.515932,0.818972),h:0,n:0,cr:0;
p:(0.350249,0.93785),h:0,n:0,cr:0;
p:(0.364627,0.827833),h:0,n:0,cr:0;
p:(0.427651,0.736879),h:0,n:0,cr:0;
p:(0.332491,0.841223),h:0,n:0,cr:0;
p:(0.42339,0.78628),h:0,n:0,cr:0;
p:(0.389436,0.988741),h:0,n:0,cr:0;
p:(0.444172,0.792),h:0,n:0,cr:0;
p:(0.432782,0.674933),h:0,n:0,cr:0;
p:(0.318491,0.867929),h:0,n:0,cr:0;
p:(0.360591,0.82797),h:0,n:0,cr:0;
p:(0.378557,0.759961),h:0,n:0,cr:0;
p:(0.48575,0.975798),h:0,n:0,cr:0;
p:(0.368486,0.568664),h:0,n:0,cr:0;
p:(0.384485,0.906136),h:0,n:0,cr:0;
p:(0.512381,0.878039),h:0,n:0,cr:0;
p:(0.505521,0.995567),h:0,n:0,cr:0;
p:(0.337876,0.695628),h:0,n:0,cr:0;
p:(0.316507,0.52315),h:0,n:0,cr:0;
p:(0.369673,0.739941),h:0,n:0,cr:0;
p:(0.410038,0.706652),h:0,n:0,cr:0;
p:(0.396039,0.623778),h:0,n:0,cr:0;
p:(0.470198,0.927163),h:0,n:0,cr:0;
p:(0.502986,0.781502),h:0,n:0,cr:0;
p:(0.449918,0.857233),h:0,n:0,cr:0;
p:(0.687851,0.960149),h:0,n:0,cr:0;
p:(0.375644,0.627446),h:0,n:0,cr:0;
p:(0.484679,0.73611),h:0,n:0,cr:0;
p:(0.334359,0.753794),h:0,n:0,cr:0;
p:(0.451074,0.968289),h:0,n:0,cr:0;
p:(0.677413,0.959243),h:0,n:0,cr:0;
p:(0.639315,0.894235),h:0,n:0,cr:0;
p:(0.313062,0.839173),h:0,n:0,cr:0;
p:(0.324962,0.750853),h:0,n:0,cr:0;
p:(0.50086,0.894707),h:0,n:0,cr:0;
p:(0.318998,0.863144),h:0,n:0,cr:0;
p:(0.334575,0.770627),h:0,n:0,cr:0;
p:(0.592917,0.856649),h:0,n:0,cr:0;
p:(0.389563,0.937046),h:0,n:0,cr:0;
p:(0.510785,0.794724),h:0,n:0,cr:0;
p:(0.325619,0.871201),h:0,n:0,cr:0;
p:(0.564064,0.805854),h:0,n:0,cr:0;
p:(0.297502,0.578871),h:0,n:0,cr:0;
p:(0.401931,0.881747),h:0,n:0,cr:0;
p:(0.606021,0.918867),h:0,n:0,cr:0;
p:(0.509277,0.917512),h:0,n:0,cr:0;
p:(0.498927,0.819754),h:0,n:0,cr:0;
p:(0.67998,0.977611),h:0,n:0,cr:0;
p:(0.482848,0.858567),h:0,n:0,cr:0;
p:(0.606736,0.988126),h:0,n:0,cr:0;
p:(0.536635,0.818361),h:0,n:0,cr:0;
p:(0.289862,0.598284),h:0,n:0,cr:0;
p:(0.44848,0.90757),h:0,n:0,cr:0;
p:(0.538149,0.804767),h:0,n:0,cr:0;
p:(0.517509,0.836539),h:0,n:0,cr:0;
p:(0.499855,0.854518),h:0,n:0,cr:0;
p:(0.333177,0.588118),h:0,n:0,cr:0;
p:(0.346195,0.714947),h:0,n:0,cr:0;
p:(0.467587,0.829935),h:0,n:0,cr:0;
p:(0.581337,0.959433),h:0,n:0,cr:0;
p:(0.588097,0.837021),h:0,n:0,cr:0;
p:(0.317303,0.808978),h:0,n:0,cr:0;
p:(0.336353,0.905054),h:0,n:0,cr:0;
p:(0.27892,0.808494),h:0,n:0,cr:0;
p:(0.347549,0.649574),h:0,n:0,cr:0;
p:(0.365444,0.97509),h:0,n:0,cr:0;
p:(0.414578,0.873365),h:0,n:0,cr:0;
p:(0.397076,0.989881),h:0,n:0,cr:0;
p:(0.232764,0.654435),h:0,n:0,cr:0;
p:(0.345994,0.983817),h:0,n:0,cr:0;
p:(0.232448,0.682664),h:0,n:0,cr:0;
p:(0.312649,0.543741),h:0,n:0,cr:0;
p:(0.401432,0.686202),h:0,n:0,cr:0;
p:(0.549723,0.7839),h:0,n:0,cr:0;
p:(0.392433,0.744992),h:0,n:0,cr:0;
p:(0.502936,0.793865),h:0,n:0,cr:0;
p:(0.424594,0.924102),h:0,n:0,cr:0;
p:(0.444356,0.940202),h:0,n:0,cr:0;
p:(0.716734,0.159513),h:0,n:0,cr:0;
p:(0.904693,0.272766),h:0,n:0,cr:0;
p:(0.837136,0.0885701),h:0,n:0,cr:0;
p:(0.887643,0.154421),h:0,n:0,cr:0;
p:(0.979257,0.0974995),h:0,n:0,cr:0;
p:(0.956133,0.220195),h:0,n:0,cr:0;
p:(0.919661,0.0941156),h:0,n:0,cr:0;
p:(0.98033,0.127557),h:0,n:0,cr:0;
p:(0.830672,0.307405),h:0,n:0,cr:0;
p:(0.748448,0.145128),h:0,n:0,cr:0;
p:(0.977418,0.128057),h:0,n:0,cr:0;
p:(0.865873,0.288626),h:0,n:0,cr:0;
p:(0.85318,0.210595),h:0,n:0,cr:0;
p:(0.725559,0.114536),h:0,n:0,cr:0;
p:(0.947026,0.0126133),h:0,n:0,cr:0;
p:(0.697074,0.149644),h:0,n:0,cr:0;
p:(0.83566,0.240787),h:0,n:0,cr:0;
p:(0.810002,0.145444),h:0,n:0,cr:0;
p:(0.912346,0.090859),h:0,n:0,cr:0;
p:(0.980712,0.12319),h:0,n:0,cr:0;
p:(0.7532,0.163857),h:0,n:0,cr:0;
p:(0.922366,0.162253),h:0,n:0,cr:0;
p:(0.982491,0.143416),h:0,n:0,cr:0;
p:(0.827298,0.117631),h:0,n:0,cr:0;
p:(0.985342,0.110208),h:0,n:0,cr:0;
p:(0.82874,0.190228),h:0,n:0,cr:0;
p:(0.904377,0.372911),h:0,n:0,cr:0;
p:(0.897998,0.326172),h:0,n:0,cr:0;
p:(0.800172,0.116852),h:0,n:0,cr:0;
p:(0.867069,0.329362),h:0,n:0,cr:0;
p:(0.948914,0.0523816),h:0,n:0,cr:0;
p:(0.930573,0.152352),h:0,n:0,cr:0;
p:(0.911663,0.343064),h:0,n:0,cr:0;
p:(0.932611,0.216512),h:0,n:0,cr:0;
p:(0.86163,0.321168),h:0,n:0,cr:0;
p:(0.775446,0.0814044),h:0,n:0,cr:0;
p:(0.724752,0.170562),h:0,n:0,cr:0;
p:(0.94558,0.0102226),h:0,n:0,cr:0;
p:(0.826064,0.0431985),h:0,n:0,cr:0;
p:(0.859843,0.0328649),h:0,n:0,cr:0;
p:(0.951855,0.279211),h:0,n:0,cr:0;
p:(0.787483,0.0630423),h:0,n:0,cr:0;
p:(0.867414,0.0381095),h:0,n:0,cr:0;
p:(0.778216,0.223504),h:0,n:0,cr:0;
p:(0.93697,0.243253),h:0,n:0,cr:0;
p:(0.800934,0.147741),h:0,n:0,cr:0;
p:(0.843949,0.180172),h:0,n:0,cr:0;
p:(0.866319,0.0720837),h:0,n:0,cr:0;
p:(0.910557,0.0320041),h:0,n:0,cr:0;
p:(0.999447,0.126726),h:0,n:0,cr:0;
p:(0.816398,0.315954),h:0,n:0,cr:0;
p:(0.948066,0.162674),h:0,n:0,cr:0;
p:(0.734567,0.132645),h:0,n:0,cr:0;
p:(0.897548,0.379815),h:0,n:0,cr:0;
p:(0.787532,0.111879),h:0,n:0,cr:0;
p:(0.760961,0.19757),h:0,n:0,cr:0;
p:(0.818531,0.157001),h:0,n:0,cr:0;
p:(0.782856,0.17021),h:0,n:0,cr:0;
p:(0.998884,0.229876),h:0,n:0,cr:0;
p:(0.83937,0.171038),h:0,n:0,cr:0;
p:(0.984559,0.345723),h:0,n:0,cr:0;
p:(0.958612,0.265781),h:0,n:0,cr:0;
p:(0.847934,0.261409),h:0,n:0,cr:0;
p:(0.751413,0.178274),h:0,n:0,cr:0;
p:(0.85395,0.216596),h:0,n:0,cr:0;
p:(0.955496,0.297989),h:0,n:0,cr:0;
p:(0.790606,0.178712),h:0,n:0,cr:0;
p:(0.995573,0.236035),h:0,n:0,cr:0;
p:(0.74947,0.154503),h:0,n:0,cr:0;
p:(0.932422,0.138699),h:0,n:0,cr:0;
p:(0.993078,0.223547),h:0,n:0,cr:0;
p:(0.795659,0.117356),h:0,n:0,cr:0;
p:(0.956645,0.261006),h:0,n:0,cr:0;
p:(0.961272,0.00214023),h:0,n:0,cr:0;
p:(0.980608,0.140878),h:0,n:0,cr:0;
p:(0.957189,0.192233),h:0,n:0,cr:0;
p:(0.813371,0.0595801),h:0,n:0,cr:0;
p:(0.963201,0.217053),h:0,n:0,cr:0;
p:(0.895331,0.055658),h:0,n:0,cr:0;
p:(0.774821,0.140544),h:0,n:0,cr:0;
p:(0.737305,0.118451),h:0,n:0,cr:0;
p:(0.821063,0.19221),h:0,n:0,cr:0;
p:(0.754914,0.154857),h:0,n:0,cr:0;
p:(0.929235,0.142511),h:0,n:0,cr:0;
p:(0.88205,0.366667),h:0,n:0,cr:0;
p:(0.992689,0.294521),h:0,n:0,cr:0;
p:(0.931676,0.245479),h:0,n:0,cr:0;
p:(0.969819,0.150584),h:0,n:0,cr:0;
p:(0.980063,0.253445),h:0,n:0,cr:0;
p:(0.81652,0.244536),h:0,n:0,cr:0;
p:(0.916966,0.117414),h:0,n:0,cr:0;
p:(0.87113,0.149948),h:0,n:0,cr:0;
p:(0.929245,0.409686),h:0,n:0,cr:0;
p:(0.946945,0.403837),h:0,n:0,cr:0;
p:(0.963996,0.383901),h:0,n:0,cr:0;
p:(0.951456,0.36886),h:0,n:0,cr:0;
p:(0.933687,0.416482),h:0,n:0,cr:0;
p:(0.746726,0.423797),h:0,n:0,cr:0;
p:(0.716586,0.383708),h:0,n:0,cr:0;
p:(0.687512,0.427524),h:0,n:0,cr:0;
p:(0.815406,0.354042),h:0,n:0,cr:0;
p:(0.788491,0.334271),h:0,n:0,cr:0;
p:(0.861711,0.381022),h:0,n:0,cr:0;
p:(0.7093,0.398373),h:0,n:0,cr:0;
p:(0.658689,0.470985),h:0,n:0,cr:0;
p:(0.838368,0.402836),h:0,n:0,cr:0;
p:(0.743227,0.292414),h:0,n:0,cr:0;
p:(0.593242,0.482821),h:0,n:0,cr:0;
p:(0.755437,0.42226),h:0,n:0,cr:0;
p:(0.638602,0.459977),h:0,n:0,cr:0;
p:(0.875662,0.388398),h:0,n:0,cr:0;
p:(0.79144,0.299453),h:0,n:0,cr:0;
p:(0.746892,0.350074),h:0,n:0,cr:0;
p:(0.73055,0.353551),h:0,n:0,cr:0;
p:(0.701547,0.331665),h:0,n:0,cr:0;
p:(0.846294,0.379996),h:0,n:0,cr:0;
p:(0.731197,0.405869),h:0,n:0,cr:0;
p:(0.824117,0.337218),h:0,n:0,cr:0;
p:(0.835338,0.357871),h:0,n:0,cr:0;
p:(0.658711,0.465672),h:0,n:0,cr:0;
p:(0.742111,0.369786),h:0,n:0,cr:0;
p:(0.72668,0.335873),h:0,n:0,cr:0;
p:(0.895352,0.438762),h:0,n:0,cr:0;
p:(0.759482,0.512068),h:0,n:0,cr:0;
p:(0.831571,0.436933),h:0,n:0,cr:0;
p:(0.901454,0.429986),h:0,n:0,cr:0;
p:(0.798424,0.536923),h:0,n:0,cr:0;
p:(0.825082,0.45814),h:0,n:0,cr:0;
p:(0.701946,0.461431),h:0,n:0,cr:0;
p:(0.783108,0.479166),h:0,n:0,cr:0;
p:(0.833252,0.48483),h:0,n:0,cr:0;
p:(0.874123,0.513994),h:0,n:0,cr:0;
p:(0.712143,0.468191),h:0,n:0,cr:0;
p:(0.808897,0.466932),h:0,n:0,cr:0;
p:(0.68218,0.540898),h:0,n:0,cr:0;
p:(0.932817,0.469363),h:0,n:0,cr:0;
p:(0.775021,0.526668),h:0,n:0,cr:0;
p:(0.744147,0.542799),h:0,n:0,cr:0;
p:(0.739594,0.512412),h:0,n:0,cr:0;
p:(0.879705,0.507608),h:0,n:0,cr:0;
p:(0.815598,0.543293),h:0,n:0,cr:0;
p:(0.709894,0.487945),h:0,n:0,cr:0;
p:(0.804315,0.583412),h:0,n:0,cr:0;
p:(0.788197,0.487383),h:0,n:0,cr:0;
p:(0.788158,0.474449),h:0,n:0,cr:0;
p:(0.818501,0.437571),h:0,n:0,cr:0;
p:(0.902638,0.437062),h:0,n:0,cr:0;
p:(0.705072,0.485683),h:0,n:0,cr:0;
p:(0.77838,0.587903),h:0,n:0,cr:0;
p:(0.856746,0.536812),h:0,n:0,cr:0;
p:(0.841229,0.507118),h:0,n:0,cr:0;
p:(0.702571,0.478),h:0,n:0,cr:0;
p:(0.711616,0.47633),h:0,n:0,cr:0;
p:(0.677978,0.482389),h:0,n:0,cr:0;
p:(0.710088,0.500321),h:0,n:0,cr:0;
p:(0.766872,0.469378),h:0,n:0,cr:0;
p:(0.833057,0.443965),h:0,n:0,cr:0;
p:(0.809641,0.446025),h:0,n:0,cr:0;
p:(0.806158,0.501914),h:0,n:0,cr:0;
p:(0.870727,0.409018),h:0,n:0,cr:0;
p:(0.757229,0.466004),h:0,n:0,cr:0;
p:(0.683088,0.259321),h:0,n:0,cr:0;
p:(0.726557,0.276257),h:0,n:0,cr:0;
p:(0.606155,0.296094),h:0,n:0,cr:0;
p:(0.529092,0.337087),h:0,n:0,cr:0;
p:(0.460713,0.344224),h:0,n:0,cr:0;
p:(0.539035,0.329683),h:0,n:0,cr:0;
p:(0.661238,0.328073),h:0,n:0,cr:0;
p:(0.699265,0.227404),h:0,n:0,cr:0;
p:(0.570795,0.407774),h:0,n:0,cr:0;
p:(0.459515,0.317522),h:0,n:0,cr:0;
p:(0.576806,0.428536),h:0,n:0,cr:0;
p:(0.625784,0.187922),h:0,n:0,cr:0;
p:(0.662025,0.31393),h:0,n:0,cr:0;
p:(0.554085,0.426442),h:0,n:0,cr:0;
p:(0.72041,0.216111),h:0,n:0,cr:0;
p:(0.562562,0.284848),h:0,n:0,cr:0;
p:(0.682383,0.257172),h:0,n:0,cr:0;
p:(0.639092,0.234),h:0,n:0,cr:0;
p:(0.67965,0.338769),h:0,n:0,cr:0;
p:(0.542573,0.292085),h:0,n:0,cr:0;
p:(0.549998,0.328242),h:0,n:0,cr:0;
p:(0.583072,0.224391),h:0,n:0,cr:0;
p:(0.617337,0.357115),h:0,n:0,cr:0;
p:(0.63598,0.300763),h:0,n:0,cr:0;
p:(0.644108,0.311574),h:0,n:0,cr:0;
p:(0.528087,0.436446),h:0,n:0,cr:0;
p:(0.691831,0.232996),h:0,n:0,cr:0;
p:(0.482136,0.389618),h:0,n:0,cr:0;
p:(0.59643,0.440899),h:0,n:0,cr:0;
p:(0.628001,0.335109),h:0,n:0,cr:0;
p:(0.690871,0.334503),h:0,n:0,cr:0;
p:(0.477481,0.361468),h:0,n:0,cr:0;
p:(0.65729,0.19037),h:0,n:0,cr:0;
p:(0.579765,0.231516),h:0,n:0,cr:0;
p:(0.702782,0.191438),h:0,n:0,cr:0;
p:(0.628665,0.415359),h:0,n:0,cr:0;
p:(0.539539,0.400933),h:0,n:0,cr:0;
p:(0.612498,0.450777),h:0,n:0,cr:0;
p:(0.549261,0.374776),h:0,n:0,cr:0;
p:(0.566563,0.318607),h:0,n:0,cr:0;
p:(0.557847,0.434317),h:0,n:0,cr:0;
p:(0.632666,0.386071),h:0,n:0,cr:0;
p:(0.442326,0.363025),h:0,n:0,cr:0;
p:(0.628562,0.395606),h:0,n:0,cr:0;
p:(0.579457,0.330191),h:0,n:0,cr:0;
p:(0.609579,0.409016),h:0,n:0,cr:0;
p:(0.584245,0.262358),h:0,n:0,cr:0;
p:(0.643228,0.206199),h:0,n:0,cr:0;
p:(0.611565,0.247006),h:0,n:0,cr:0;
p:(0.521598,0.397251),h:0,n:0,cr:0;
p:(0.517613,0.348891),h:0,n:0,cr:0;
p:(0.550918,0.460951),h:0,n:0,cr:0;
p:(0.557609,0.421305),h:0,n:0,cr:0;
p:(0.480252,0.3994),h:0,n:0,cr:0;
p:(0.641306,0.298831),h:0,n:0,cr:0;
p:(0.598421,0.452163),h:0,n:0,cr:0;
p:(0.511743,0.28447),h:0,n:0,cr:0;
p:(0.644737,0.265846),h:0,n:0,cr:0;
p:(0.654951,0.229752),h:0,n:0,cr:0;
p:(0.723443,0.258371),h:0,n:0,cr:0;
p:(0.578872,0.416675),h:0,n:0,cr:0;
p:(0.660887,0.215224),h:0,n:0,cr:0;
p:(0.567843,0.348265),h:0,n:0,cr:0;
p:(0.496337,0.421986),h:0,n:0,cr:0;
p:(0.688985,0.330627),h:0,n:0,cr:0;
p:(0.515833,0.419902),h:0,n:0,cr:0;
p:(0.739321,0.77881),h:0,n:0,cr:0;
p:(0.982497,0.811141),h:0,n:0,cr:0;
p:(0.999367,0.781118),h:0,n:0,cr:0;
p:(0.9072,0.950525),h:0,n:0,cr:0;
p:(0.716589,0.859692),h:0,n:0,cr:0;
p:(0.928549,0.799073),h:0,n:0,cr:0;
p:(0.913258,0.915683),h:0,n:0,cr:0;
p:(0.943091,0.684881),h:0,n:0,cr:0;
p:(0.851811,0.979668),h:0,n:0,cr:0;
p:(0.90967,0.765068),h:0,n:0,cr:0;
p:(0.935942,0.625397),h:0,n:0,cr:0;
p:(0.856292,0.966697),h:0,n:0,cr:0;
p:(0.948168,0.701533),h:0,n:0,cr:0;
p:(0.891968,0.881077),h:0,n:0,cr:0;
p:(0.944069,0.898918),h:0,n:0,cr:0;
p:(0.994051,0.710679),h:0,n:0,cr:0;
p:(0.831948,0.803024),h:0,n:0,cr:0;
p:(0.944341,0.771138),h:0,n:0,cr:0;
p:(0.867654,0.776772),h:0,n:0,cr:0;
p:(0.767619,0.992293),h:0,n:0,cr:0;
p:(0.894185,0.893747),h:0,n:0,cr:0;
p:(0.814124,0.747365),h:0,n:0,cr:0;
p:(0.922759,0.715919),h:0,n:0,cr:0;
p:(0.903705,0.608971),h:0,n:0,cr:0;
p:(0.963105,0.889853),h:0,n:0,cr:0;
p:(0.791924,0.887199),h:0,n:0,cr:0;
p:(0.921954,0.539693),h:0,n:0,cr:0;
p:(0.703837,0.905189),h:0,n:0,cr:0;
p:(0.772189,0.948729),h:0,n:0,cr:0;
p:(0.80079,0.68938),h:0,n:0,cr:0;
p:(0.846609,0.686328),h:0,n:0,cr:0;
p:(0.982275,0.687696),h:0,n:0,cr:0;
p:(0.746163,0.966789),h:0,n:0,cr:0;
p:(0.883092,0.581643),h:0,n:0,cr:0;
p:(0.944497,0.679729),h:0,n:0,cr:0;
p:(0.964711,0.579034),h:0,n:0,cr:0;
p:(0.772072,0.910311),h:0,n:0,cr:0;
p:(0.995125,0.913625),h:0,n:0,cr:0;
p:(0.998283,0.520899),h:0,n:0,cr:0;
p:(0.990009,0.930414),h:0,n:0,cr:0;
p:(0.929936,0.661476),h:0,n:0,cr:0;
p:(0.77065,0.856357),h:0,n:0,cr:0;
p:(0.90968,0.698002),h:0,n:0,cr:0;
p:(0.918153,0.528704),h:0,n:0,cr:0;
p:(0.970722,0.622919),h:0,n:0,cr:0;
p:(0.973809,0.656992),h:0,n:0,cr:0;
p:(0.882015,0.579699),h:0,n:0,cr:0;
p:(0.904265,0.924551),h:0,n:0,cr:0;
p:(0.947763,0.698199),h:0,n:0,cr:0;
p:(0.951327,0.657063),h:0,n:0,cr:0;
p:(0.711477,0.907215),h:0,n:0,cr:0;
p:(0.815433,0.818141),h:0,n:0,cr:0;
p:(0.804826,0.648198),h:0,n:0,cr:0;
p:(0.839636,0.956297),h:0,n:0,cr:0;
p:(0.929376,0.90589),h:0,n:0,cr:0;
p:(0.985892,0.753452),h:0,n:0,cr:0;
p:(0.849052,0.86391),h:0,n:0,cr:0;
p:(0.805438,0.910738),h:0,n:0,cr:0;
p:(0.917419,0.564463),h:0,n:0,cr:0;
p:(0.880612,0.969685),h:0,n:0,cr:0;
p:(0.755369,0.828889),h:0,n:0,cr:0;
p:(0.767712,0.934265),h:0,n:0,cr:0;
p:(0.938842,0.523054),h:0,n:0,cr:0;
p:(0.89783,0.605793),h:0,n:0,cr:0;
p:(0.873622,0.711406),h:0,n:0,cr:0;
p:(0.783489,0.683847),h:0,n:0,cr:0;
p:(0.944136,0.551201),h:0,n:0,cr:0;
p:(0.985278,0.722211),h:0,n:0,cr:0;
p:(0.947922,0.722952),h:0,n:0,cr:0;
p:(0.8056,0.84547),h:0,n:0,cr:0;
p:(0.978114,0.457831),h:0,n:0,cr:0;
p:(0.821348,0.971693),h:0,n:0,cr:0;
p:(0.85835,0.880753),h:0,n:0,cr:0;
p:(0.894893,0.645881),h:0,n:0,cr:0;
p:(0.992632,0.655855),h:0,n:0,cr:0;
p:(0.843451,0.811163),h:0,n:0,cr:0;
p:(0.812855,0.664799),h:0,n:0,cr:0;
p:(0.914424,0.813521),h:0,n:0,cr:0;
p:(0.98373,0.7047),h:0,n:0,cr:0;
p:(0.901022,0.667102),h:0,n:0,cr:0;
p:(0.779742,0.798299),h:0,n:0,cr:0;
p:(0.909616,0.955593),h:0,n:0,cr:0;
p:(0.911594,0.689358),h:0,n:0,cr:0;
p:(0.893227,0.843347),h:0,n:0,cr:0;
p:(0.866209,0.72182),h:0,n:0,cr:0;
p:(0.847057,0.975588),h:0,n:0,cr:0;
p:(0.922693,0.68718),h:0,n:0,cr:0;
p:(0.948589,0.649353),h:0,n:0,cr:0;
p:(0.937978,0.73887),h:0,n:0,cr:0;
p:(0.828884,0.937852),h:0,n:0,cr:0;
p:(0.877548,0.877726),h:0,n:0,cr:0;
p:(0.773625,0.816862),h:0,n:0,cr:0;
p:(0.72853,0.99088),h:0,n:0,cr:0;
p:(0.983466,0.725717),h:0,n:0,cr:0;
p:(0.909799,0.773651),h:0,n:0,cr:0;
p:(0.853502,0.659606),h:0,n:0,cr:0;
p:(0.797365,0.746904),h:0,n:0,cr:0;
p:(0.864765,0.807532),h:0,n:0,cr:0;
p:(0.819091,0.707413),h:0,n:0,cr:0;
p:(0.947831,0.850196),h:0,n:0,cr:0;
p:(0.847839,0.766922),h:0,n:0,cr:0;
p:(0.939267,0.988155),h:0,n:0,cr:0;
p:(0.802626,0.942375),h:0,n:0,cr:0;
p:(0.955377,0.493824),h:0,n:0,cr:0;
p:(0.810857,0.732375),h:0,n:0,cr:0;
p:(0.768249,0.975135),h:0,n:0,cr:0;
p:(0.862457,0.589079),h:0,n:0,cr:0;
p:(0.859033,0.87947),h:0,n:0,cr:0;
p:(0.874807,0.931066),h:0,n:0,cr:0;
p:(0.967491,0.71587),h:0,n:0,cr:0;
p:(0.787795,0.951747),h:0,n:0,cr:0;
p:(0.952436,0.861781),h:0,n:0,cr:0;
p:(0.78737,0.687256),h:0,n:0,cr:0;
p:(0.859316,0.976047),h:0,n:0,cr:0;
p:(0.946482,0.568286),h:0,n:0,cr:0;
p:(0.733715,0.946708),h:0,n:0,cr:0;
p:(0.761374,0.973397),h:0,n:0,cr:0;
p:(0.91284,0.821503),h:0,n:0,cr:0;
p:(0.911279,0.947028),h:0,n:0,cr:0;
p:(0.869986,0.540341),h:0,n:0,cr:0;
p:(0.842078,0.563055),h:0,n:0,cr:0;
p:(0.881687,0.54366),h:0,n:0,cr:0;
p:(0.809053,0.627019),h:0,n:0,cr:0;
p:(0.875232,0.54848),h:0,n:0,cr:0;
p:(0.814081,0.610789),h:0,n:0,cr:0;
p:(0.782709,0.661191),h:0,n:0,cr:0;
p:(0.803842,0.630729),h:0,n:0,cr:0;
p:(0.112481,0.640011),h:0,n:0,cr:0;
p:(0.177578,0.446641),h:0,n:0,cr:0;
p:(0.103035,0.533948),h:0,n:0,cr:0;
p:(0.260555,0.497288),h:0,n:0,cr:0;
p:(0.191615,0.445823),h:0,n:0,cr:0;
p:(0.07122,0.441043),h:0,n:0,cr:0;
p:(0.159569,0.502264),h:0,n:0,cr:0;
p:(0.145299,0.440967),h:0,n:0,cr:0;
p:(0.104342,0.400219),h:0,n:0,cr:0;
p:(0.151247,0.575312),h:0,n:0,cr:0;
p:(0.0122447,0.511247),h:0,n:0,cr:0;
p:(0.0146562,0.44145),h:0,n:0,cr:0;
p:(0.0214481,0.509117),h:0,n:0,cr:0;
p:(0.276073,0.463226),h:0,n:0,cr:0;
p:(0.0613407,0.531991),h:0,n:0,cr:0;
p:(0.171341,0.507076),h:0,n:0,cr:0;
p:(0.160085,0.5192),h:0,n:0,cr:0;
p:(0.00699694,0.725319),h:0,n:0,cr:0;
p:(0.0150466,0.668914),h:0,n:0,cr:0;
p:(0.00171806,0.61636),h:0,n:0,cr:0;
p:(0.258032,0.471931),h:0,n:0,cr:0;
p:(0.180953,0.580179),h:0,n:0,cr:0;
p:(0.0254964,0.560867),h:0,n:0,cr:0;
p:(0.164526,0.491756),h:0,n:0,cr:0;
p:(0.206801,0.528829),h:0,n:0,cr:0;
p:(0.178455,0.426777),h:0,n:0,cr:0;
p:(0.0892332,0.572458),h:0,n:0,cr:0;
p:(0.0225949,0.532911),h:0,n:0,cr:0;
p:(0.108403,0.605892),h:0,n:0,cr:0;
p:(0.156656,0.531474),h:0,n:0,cr:0;
p:(0.0632653,0.559422),h:0,n:0,cr:0;
p:(0.206376,0.480676),h:0,n:0,cr:0;
p:(0.0549559,0.396884),h:0,n:0,cr:0;
p:(0.0902916,0.600933),h:0,n:0,cr:0;
p:(0.186485,0.544685),h:0,n:0,cr:0;
p:(0.0873609,0.40217),h:0,n:0,cr:0;
p:(0.0726005,0.635749),h:0,n:0,cr:0;
p:(0.213739,0.446509),h:0,n:0,cr:0;
p:(0.18645,0.587804),h:0,n:0,cr:0;
p:(0.289528,0.457103),h:0,n:0,cr:0;
p:(0.102767,0.540167),h:0,n:0,cr:0;
p:(0.0113642,0.69728),h:0,n:0,cr:0;
p:(0.172621,0.485789),h:0,n:0,cr:0;
p:(0.0457813,0.623695),h:0,n:0,cr:0;
p:(0.253565,0.513678),h:0,n:0,cr:0;
p:(0.0488419,0.451711),h:0,n:0,cr:0;
p:(0.0535711,0.714305),h:0,n:0,cr:0;
p:(0.195283,0.525271),h:0,n:0,cr:0;
p:(0.238622,0.506672),h:0,n:0,cr:0;
p:(0.145383,0.511624),h:0,n:0,cr:0;
p:(0.0676089,0.394926),h:0,n:0,cr:0;
p:(0.127343,0.565931),h:0,n:0,cr:0;
p:(0.0454951,0.678261),h:0,n:0,cr:0;
p:(0.248723,0.520889),h:0,n:0,cr:0;
p:(0.230516,0.507442),h:0,n:0,cr:0;
p:(0.0105943,0.758003),h:0,n:0,cr:0;
p:(0.0333259,0.48378),h:0,n:0,cr:0;
p:(0.0336168,0.625995),h:0,n:0,cr:0;
p:(0.0312059,0.411793),h:0,n:0,cr:0;
p:(0.30775,0.463057),h:0,n:0,cr:0;
p:(0.172099,0.457597),h:0,n:0,cr:0;
p:(0.0599955,0.441452),h:0,n:0,cr:0;
p:(0.0343264,0.520218),h:0,n:0,cr:0;
p:(0.116409,0.524179),h:0,n:0,cr:0;
p:(0.175646,0.538534),h:0,n:0,cr:0;
p:(0.0865916,0.651961),h:0,n:0,cr:0;
p:(0.000226128,0.522611),h:0,n:0,cr:0;
p:(0.0490326,0.41594),h:0,n:0,cr:0;
p:(0.203552,0.383635),h:0,n:0,cr:0;
p:(0.0280403,0.374671),h:0,n:0,cr:0;
p:(0.253537,0.275586),h:0,n:0,cr:0;
p:(0.207092,0.380181),h:0,n:0,cr:0;
p:(0.00792968,0.287355),h:0,n:0,cr:0;
p:(0.157577,0.292952),h:0,n:0,cr:0;
p:(0.123644,0.379301),h:0,n:0,cr:0;
p:(0.14913,0.276252),h:0,n:0,cr:0;
p:(0.130454,0.398073),h:0,n:0,cr:0;
p:(0.321711,0.393087),h:0,n:0,cr:0;
p:(0.354175,0.384849),h:0,n:0,cr:0;
p:(0.0652967,0.373157),h:0,n:0,cr:0;
p:(0.187831,0.298737),h:0,n:0,cr:0;
p:(0.25259,0.371714),h:0,n:0,cr:0;
p:(0.295089,0.426182),h:0,n:0,cr:0;
p:(0.0486044,0.288685),h:0,n:0,cr:0;
p:(0.329278,0.409239),h:0,n:0,cr:0;
p:(0.0207114,0.288449),h:0,n:0,cr:0;
p:(0.0067562,0.33188),h:0,n:0,cr:0;
p:(0.12747,0.246617),h:0,n:0,cr:0;
p:(0.00531965,0.238792),h:0,n:0,cr:0;
p:(0.108878,0.374191),h:0,n:0,cr:0;
p:(0.22945,0.303415),h:0,n:0,cr:0;
p:(0.0965714,0.311124),h:0,n:0,cr:0;
p:(0.0137842,0.371),h:0,n:0,cr:0;
p:(0.272972,0.345697),h:0,n:0,cr:0;
p:(0.102942,0.282967),h:0,n:0,cr:0;
p:(0.186654,0.375913),h:0,n:0,cr:0;
p:(0.238376,0.308023),h:0,n:0,cr:0;
p:(0.239264,0.400239),h:0,n:0,cr:0;
p:(0.239009,0.346823),h:0,n:0,cr:0;
p:(0.0450569,0.275577),h:0,n:0,cr:0;
p:(0.0902865,0.348496),h:0,n:0,cr:0;
p:(0.133765,0.30313),h:0,n:0,cr:0;
p:(0.20719,0.339612),h:0,n:0,cr:0;
p:(0.168119,0.270069),h:0,n:0,cr:0;
p:(0.110628,0.344811),h:0,n:0,cr:0;
p:(0.000665491,0.346566),h:0,n:0,cr:0;
p:(0.0683679,0.362789),h:0,n:0,cr:0;
p:(0.0504231,0.242514),h:0,n:0,cr:0;
p:(0.217865,0.334256),h:0,n:0,cr:0;
p:(0.159818,0.377906),h:0,n:0,cr:0;
p:(0.208786,0.390881),h:0,n:0,cr:0;
p:(0.324736,0.354259),h:0,n:0,cr:0;
p:(0.0188668,0.342762),h:0,n:0,cr:0;
p:(0.0597312,0.237693),h:0,n:0,cr:0;
p:(0.0566186,0.243159),h:0,n:0,cr:0;
p:(0.0698287,0.375038),h:0,n:0,cr:0;
p:(0.265227,0.31504),h:0,n:0,cr:0;
p:(0.0374453,0.236172),h:0,n:0,cr:0;
p:(0.141225,0.313342),h:0,n:0,cr:0;
p:(0.237383,0.359399),h:0,n:0,cr:0;
p:(0.0908973,0.234913),h:0,n:0,cr:0;
p:(0.103693,0.250905),h:0,n:0,cr:0;
p:(0.267695,0.27767),h:0,n:0,cr:0;
p:(0.129561,0.323918),h:0,n:0,cr:0;
p:(0.140375,0.304489),h:0,n:0,cr:0;
p:(0.153322,0.214189),h:0,n:0,cr:0;
p:(0.0494415,0.116847),h:0,n:0,cr:0;
p:(0.0229964,0.0941607),h:0,n:0,cr:0;
p:(0.0166541,0.135836),h:0,n:0,cr:0;
p:(0.0782112,0.11059),h:0,n:0,cr:0;
p:(0.13064,0.176614),h:0,n:0,cr:0;
p:(0.105083,0.128347),h:0,n:0,cr:0;
p:(0.209335,0.234283),h:0,n:0,cr:0;
p:(0.0444557,0.0380742),h:0,n:0,cr:0;
p:(0.0772312,0.214162),h:0,n:0,cr:0;
p:(0.157894,0.215248),h:0,n:0,cr:0;
p:(0.147485,0.148963),h:0,n:0,cr:0;
p:(0.0844761,0.0978671),h:0,n:0,cr:0;
p:(0.217732,0.2145),h:0,n:0,cr:0;
p:(0.0235156,0.180004),h:0,n:0,cr:0;
p:(0.144226,0.167752),h:0,n:0,cr:0;
p:(0.153161,0.200354),h:0,n:0,cr:0;
p:(0.0591277,0.11264),h:0,n:0,cr:0;
p:(0.032229,0.198616),h:0,n:0,cr:0;
p:(0.0154773,0.0614675),h:0,n:0,cr:0;
p:(0.0137897,0.0188756),h:0,n:0,cr:0;
p:(0.105019,0.177612),h:0,n:0,cr:0;
p:(0.16399,0.196971),h:0,n:0,cr:0;
p:(0.0268826,0.209485),h:0,n:0,cr:0;
p:(0.00461448,0.00608976),h:0,n:0,cr:0;
p:(0.00887254,0.151805),h:0,n:0,cr:0;
p:(0.17447,0.235019),h:0,n:0,cr:0;
