p:(0.449918,0.857233),h:1,n:89,cr:0.127277;
p:(0.261372,0.932449),h:1,n:90,cr:0.163826;
p:(0.86163,0.321168),h:1,n:81,cr:0.164841;
p:(0.710088,0.500321),h:1,n:91,cr:0.162503;
p:(0.157579,0.122154),h:1,n:109,cr:0.192014;
p:(0.18645,0.587804),h:1,n:121,cr:0.197306;
p:(0.580937,0.686027),h:1,n:88,cr:0.153441;
p:(0.324736,0.354259),h:1,n:123,cr:0.166605;
p:(0.482781,0.488103),h:1,n:98,cr:0.165665;
p:(0.656076,0.160386),h:1,n:123,cr:0.215741;
p:(0.370483,0.0651349),h:1,n:96,cr:0.191737;
p:(0.759695,0.853017),h:1,n:83,cr:0.151366;
p:(0.0980053,0.889818),h:1,n:87,cr:0.133059;
p:(0.873622,0.711406),h:1,n:109,cr:0.160083;
p:(0.698371,0.942831),h:1,n:120,cr:0.313161;
p:(0.30418,0.644775),h:1,n:108,cr:0.188243;
p:(0.963924,0.511329),h:1,n:69,cr:0.136574;
p:(0.00467617,0.307781),h:1,n:74,cr:0.195578;
p:(0.399778,0.211816),h:1,n:68,cr:0.168622;
p:(0.888421,0.184442),h:1,n:111,cr:0.196319;
p:(0.112481,0.640011),h:1,n:110,cr:0.7217;
p:(0.495221,0.883064),h:0,n:0,cr:0;
p:(0.50086,0.894707),h:0,n:0,cr:0;
p:(0.48235,0.887973),h:0,n:0,cr:0;
p:(0.512381,0.878039),h:0,n:0,cr:0;
p:(0.505503,0.879149),h:0,n:0,cr:0;
p:(0.482848,0.858567),h:0,n:0,cr:0;
p:(0.483565,0.867801),h:0,n:0,cr:0;
p:(0.499855,0.854518),h:0,n:0,cr:0;
p:(0.47433,0.90393),h:0,n:0,cr:0;
p:(0.468593,0.906454),h:0,n:0,cr:0;
p:(0.433529,0.875902),h:0,n:0,cr:0;
p:(0.43209,0.884487),h:0,n:0,cr:0;
p:(0.45221,0.882059),h:0,n:0,cr:0;
p:(0.464894,0.888934),h:0,n:0,cr:0;
p:(0.449918,0.857233),h:0,n:0,cr:0;
p:(0.444455,0.864606),h:0,n:0,cr:0;
p:(0.44848,0.90757),h:0,n:0,cr:0;
p:(0.514041,0.918135),h:0,n:0,cr:0;
p:(0.516054,0.922493),h:0,n:0,cr:0;
p:(0.509277,0.917512),h:0,n:0,cr:0;
p:(0.509707,0.931232),h:0,n:0,cr:0;
p:(0.525055,0.928529),h:0,n:0,cr:0;
p:(0.527961,0.942993),h:0,n:0,cr:0;
p:(0.517567,0.943477),h:0,n:0,cr:0;
p:(0.473201,0.923296),h:0,n:0,cr:0;
p:(0.470198,0.927163),h:0,n:0,cr:0;
p:(0.490429,0.931599),h:0,n:0,cr:0;
p:(0.487501,0.946095),h:0,n:0,cr:0;
p:(0.410353,0.930444),h:0,n:0,cr:0;
p:(0.416828,0.94057),h:0,n:0,cr:0;
p:(0.424594,0.924102),h:0,n:0,cr:0;
p:(0.389563,0.937046),h:0,n:0,cr:0;
p:(0.43121,0.938871),h:0,n:0,cr:0;
p:(0.444356,0.940202),h:0,n:0,cr:0;
p:(0.39751,0.95764),h:0,n:0,cr:0;
p:(0.386655,0.959271),h:0,n:0,cr:0;
p:(0.439885,0.965232),h:0,n:0,cr:0;
p:(0.451074,0.968289),h:0,n:0,cr:0;
p:(0.463666,0.966792),h:0,n:0,cr:0;
p:(0.469712,0.970774),h:0,n:0,cr:0;
p:(0.398351,0.8677),h:0,n:0,cr:0;
p:(0.401931,0.881747),h:0,n:0,cr:0;
p:(0.414578,0.873365),h:0,n:0,cr:0;
p:(0.413412,0.89267),h:0,n:0,cr:0;
p:(0.415797,0.898584),h:0,n:0,cr:0;
p:(0.376289,0.871891),h:0,n:0,cr:0;
p:(0.360074,0.886524),h:0,n:0,cr:0;
p:(0.384485,0.906136),h:0,n:0,cr:0;
p:(0.37355,0.908937),h:0,n:0,cr:0;
p:(0.502986,0.781502),h:0,n:0,cr:0;
p:(0.507659,0.785323),h:0,n:0,cr:0;
p:(0.502936,0.793865),h:0,n:0,cr:0;
p:(0.510785,0.794724),h:0,n:0,cr:0;
p:(0.506307,0.765685),h:0,n:0,cr:0;
p:(0.509992,0.766774),h:0,n:0,cr:0;
p:(0.49767,0.756292),h:0,n:0,cr:0;
p:(0.536647,0.775355),h:0,n:0,cr:0;
p:(0.539682,0.779477),h:0,n:0,cr:0;
p:(0.528983,0.778269),h:0,n:0,cr:0;
p:(0.545495,0.781203),h:0,n:0,cr:0;
p:(0.549723,0.7839),h:0,n:0,cr:0;
p:(0.554988,0.785402),h:0,n:0,cr:0;
p:(0.538149,0.804767),h:0,n:0,cr:0;
p:(0.548915,0.80961),h:0,n:0,cr:0;
p:(0.53768,0.792368),h:0,n:0,cr:0;
p:(0.536635,0.818361),h:0,n:0,cr:0;
p:(0.545405,0.821135),h:0,n:0,cr:0;
p:(0.52925,0.812311),h:0,n:0,cr:0;
p:(0.522227,0.832919),h:0,n:0,cr:0;
p:(0.517509,0.836539),h:0,n:0,cr:0;
p:(0.523675,0.824567),h:0,n:0,cr:0;
p:(0.515932,0.818972),h:0,n:0,cr:0;
p:(0.42339,0.78628),h:0,n:0,cr:0;
p:(0.427508,0.78735),h:0,n:0,cr:0;
p:(0.419501,0.788933),h:0,n:0,cr:0;
p:(0.410735,0.776781),h:0,n:0,cr:0;
p:(0.41249,0.780259),h:0,n:0,cr:0;
p:(0.395751,0.822965),h:0,n:0,cr:0;
p:(0.389915,0.824759),h:0,n:0,cr:0;
p:(0.407494,0.810379),h:0,n:0,cr:0;
p:(0.424677,0.824986),h:0,n:0,cr:0;
p:(0.44947,0.790514),h:0,n:0,cr:0;
p:(0.444172,0.792),h:0,n:0,cr:0;
p:(0.438803,0.784312),h:0,n:0,cr:0;
p:(0.456888,0.802485),h:0,n:0,cr:0;
p:(0.46253,0.781637),h:0,n:0,cr:0;
p:(0.475017,0.823265),h:0,n:0,cr:0;
p:(0.467587,0.829935),h:0,n:0,cr:0;
p:(0.498927,0.819754),h:0,n:0,cr:0;
p:(0.314445,0.935406),h:0,n:0,cr:0;
p:(0.310437,0.93947),h:0,n:0,cr:0;
p:(0.316507,0.941528),h:0,n:0,cr:0;
p:(0.317771,0.92391),h:0,n:0,cr:0;
p:(0.293228,0.916303),h:0,n:0,cr:0;
p:(0.336353,0.905054),h:0,n:0,cr:0;
p:(0.350249,0.93785),h:0,n:0,cr:0;
p:(0.369621,0.94916),h:0,n:0,cr:0;
p:(0.33416,0.972995),h:0,n:0,cr:0;
p:(0.326485,0.976764),h:0,n:0,cr:0;
p:(0.345994,0.983817),h:0,n:0,cr:0;
p:(0.341529,0.985514),h:0,n:0,cr:0;
p:(0.319956,0.986584),h:0,n:0,cr:0;
p:(0.261372,0.932449),h:0,n:0,cr:0;
p:(0.248941,0.934248),h:0,n:0,cr:0;
p:(0.266809,0.946201),h:0,n:0,cr:0;
p:(0.267742,0.951445),h:0,n:0,cr:0;
p:(0.283764,0.9393),h:0,n:0,cr:0;
p:(0.282083,0.942376),h:0,n:0,cr:0;
p:(0.269087,0.964479),h:0,n:0,cr:0;
p:(0.293646,0.967916),h:0,n:0,cr:0;
p:(0.292326,0.976041),h:0,n:0,cr:0;
p:(0.297829,0.990559),h:0,n:0,cr:0;
p:(0.292685,0.995064),h:0,n:0,cr:0;
p:(0.389436,0.988741),h:0,n:0,cr:0;
p:(0.397076,0.989881),h:0,n:0,cr:0;
p:(0.388037,0.99745),h:0,n:0,cr:0;
p:(0.382183,0.977708),h:0,n:0,cr:0;
p:(0.365444,0.97509),h:0,n:0,cr:0;
p:(0.365498,0.981454),h:0,n:0,cr:0;
p:(0.214579,0.973746),h:0,n:0,cr:0;
p:(0.211355,0.976264),h:0,n:0,cr:0;
p:(0.201611,0.969034),h:0,n:0,cr:0;
p:(0.213913,0.959659),h:0,n:0,cr:0;
p:(0.193924,0.981425),h:0,n:0,cr:0;
p:(0.204634,0.998317),h:0,n:0,cr:0;
p:(0.187661,0.940064),h:0,n:0,cr:0;
p:(0.192014,0.943972),h:0,n:0,cr:0;
p:(0.213585,0.942578),h:0,n:0,cr:0;
p:(0.162576,0.986255),h:0,n:0,cr:0;
p:(0.170373,0.987793),h:0,n:0,cr:0;
p:(0.164304,0.976784),h:0,n:0,cr:0;
p:(0.160007,0.997535),h:0,n:0,cr:0;
p:(0.145407,0.984966),h:0,n:0,cr:0;
p:(0.143184,0.987569),h:0,n:0,cr:0;
p:(0.207458,0.908568),h:0,n:0,cr:0;
p:(0.204886,0.910503),h:0,n:0,cr:0;
p:(0.233262,0.915922),h:0,n:0,cr:0;
p:(0.235835,0.916401),h:0,n:0,cr:0;
p:(0.241265,0.800168),h:0,n:0,cr:0;
p:(0.242729,0.808029),h:0,n:0,cr:0;
p:(0.253755,0.80045),h:0,n:0,cr:0;
p:(0.227153,0.801559),h:0,n:0,cr:0;
p:(0.229297,0.806705),h:0,n:0,cr:0;
p:(0.231495,0.792731),h:0,n:0,cr:0;
p:(0.239503,0.776288),h:0,n:0,cr:0;
p:(0.234252,0.778716),h:0,n:0,cr:0;
p:(0.207272,0.806566),h:0,n:0,cr:0;
p:(0.211625,0.814499),h:0,n:0,cr:0;
p:(0.201752,0.816837),h:0,n:0,cr:0;
p:(0.226706,0.821759),h:0,n:0,cr:0;
p:(0.243609,0.841184),h:0,n:0,cr:0;
p:(0.240209,0.845629),h:0,n:0,cr:0;
p:(0.25343,0.833435),h:0,n:0,cr:0;
p:(0.224337,0.84432),h:0,n:0,cr:0;
p:(0.228705,0.848888),h:0,n:0,cr:0;
p:(0.225382,0.874188),h:0,n:0,cr:0;
p:(0.250537,0.884632),h:0,n:0,cr:0;
p:(0.264052,0.818138),h:0,n:0,cr:0;
p:(0.253758,0.818976),h:0,n:0,cr:0;
p:(0.27892,0.808494),h:0,n:0,cr:0;
p:(0.266616,0.840638),h:0,n:0,cr:0;
p:(0.288243,0.868421),h:0,n:0,cr:0;
p:(0.288767,0.887053),h:0,n:0,cr:0;
p:(0.291845,0.83706),h:0,n:0,cr:0;
p:(0.289847,0.846763),h:0,n:0,cr:0;
p:(0.332491,0.841223),h:0,n:0,cr:0;
p:(0.339171,0.851789),h:0,n:0,cr:0;
p:(0.337609,0.829087),h:0,n:0,cr:0;
p:(0.313062,0.839173),h:0,n:0,cr:0;
p:(0.351615,0.853554),h:0,n:0,cr:0;
p:(0.361449,0.854717),h:0,n:0,cr:0;
p:(0.345523,0.861606),h:0,n:0,cr:0;
p:(0.318998,0.863144),h:0,n:0,cr:0;
p:(0.318491,0.867929),h:0,n:0,cr:0;
p:(0.325619,0.871201),h:0,n:0,cr:0;
p:(0.312833,0.887563),h:0,n:0,cr:0;
p:(0.364627,0.827833),h:0,n:0,cr:0;
p:(0.360591,0.82797),h:0,n:0,cr:0;
p:(0.370744,0.810479),h:0,n:0,cr:0;
p:(0.959028,0.219531),h:0,n:0,cr:0;
p:(0.956133,0.220195),h:0,n:0,cr:0;
p:(0.963201,0.217053),h:0,n:0,cr:0;
p:(0.947401,0.22998),h:0,n:0,cr:0;
p:(0.940765,0.234276),h:0,n:0,cr:0;
p:(0.93697,0.243253),h:0,n:0,cr:0;
p:(0.931676,0.245479),h:0,n:0,cr:0;
p:(0.932611,0.216512),h:0,n:0,cr:0;
p:(0.944055,0.218539),h:0,n:0,cr:0;
p:(0.927065,0.229375),h:0,n:0,cr:0;
p:(0.956645,0.261006),h:0,n:0,cr:0;
p:(0.958612,0.265781),h:0,n:0,cr:0;
p:(0.96674,0.268092),h:0,n:0,cr:0;
p:(0.955751,0.247862),h:0,n:0,cr:0;
p:(0.941012,0.271548),h:0,n:0,cr:0;
p:(0.951855,0.279211),h:0,n:0,cr:0;
p:(0.980063,0.253445),h:0,n:0,cr:0;
p:(0.972376,0.290352),h:0,n:0,cr:0;
p:(0.955496,0.297989),h:0,n:0,cr:0;
p:(0.992689,0.294521),h:0,n:0,cr:0;
p:(0.967665,0.312128),h:0,n:0,cr:0;
p:(0.998884,0.229876),h:0,n:0,cr:0;
p:(0.995573,0.236035),h:0,n:0,cr:0;
p:(0.993078,0.223547),h:0,n:0,cr:0;
p:(0.867782,0.28675),h:0,n:0,cr:0;
p:(0.865873,0.288626),h:0,n:0,cr:0;
p:(0.864869,0.275895),h:0,n:0,cr:0;
p:(0.884963,0.298652),h:0,n:0,cr:0;
p:(0.875082,0.301904),h:0,n:0,cr:0;
p:(0.86163,0.321168),h:0,n:0,cr:0;
p:(0.867069,0.329362),h:0,n:0,cr:0;
p:(0.846371,0.327514),h:0,n:0,cr:0;
p:(0.897998,0.326172),h:0,n:0,cr:0;
p:(0.90027,0.329916),h:0,n:0,cr:0;
p:(0.899362,0.32045),h:0,n:0,cr:0;
p:(0.911663,0.343064),h:0,n:0,cr:0;
p:(0.914833,0.27253),h:0,n:0,cr:0;
p:(0.904693,0.272766),h:0,n:0,cr:0;
p:(0.935304,0.303024),h:0,n:0,cr:0;
p:(0.984559,0.345723),h:0,n:0,cr:0;
p:(0.977546,0.347562),h:0,n:0,cr:0;
p:(0.968129,0.341722),h:0,n:0,cr:0;
p:(0.945777,0.352534),h:0,n:0,cr:0;
p:(0.951456,0.36886),h:0,n:0,cr:0;
p:(0.835338,0.357871),h:0,n:0,cr:0;
p:(0.847981,0.360523),h:0,n:0,cr:0;
p:(0.849866,0.346082),h:0,n:0,cr:0;
p:(0.846294,0.379996),h:0,n:0,cr:0;
p:(0.861711,0.381022),h:0,n:0,cr:0;
p:(0.824117,0.337218),h:0,n:0,cr:0;
p:(0.831767,0.345218),h:0,n:0,cr:0;
p:(0.815406,0.354042),h:0,n:0,cr:0;
p:(0.817011,0.385025),h:0,n:0,cr:0;
p:(0.810838,0.398245),h:0,n:0,cr:0;
p:(0.838368,0.402836),h:0,n:0,cr:0;
p:(0.903286,0.367842),h:0,n:0,cr:0;
p:(0.904377,0.372911),h:0,n:0,cr:0;
p:(0.897548,0.379815),h:0,n:0,cr:0;
p:(0.911684,0.379419),h:0,n:0,cr:0;
p:(0.88205,0.366667),h:0,n:0,cr:0;
p:(0.870727,0.409018),h:0,n:0,cr:0;
p:(0.857517,0.418542),h:0,n:0,cr:0;
p:(0.875662,0.388398),h:0,n:0,cr:0;
p:(0.831571,0.436933),h:0,n:0,cr:0;
p:(0.833057,0.443965),h:0,n:0,cr:0;
p:(0.818501,0.437571),h:0,n:0,cr:0;
p:(0.824423,0.441374),h:0,n:0,cr:0;
p:(0.81881,0.452514),h:0,n:0,cr:0;
p:(0.825082,0.45814),h:0,n:0,cr:0;
p:(0.809641,0.446025),h:0,n:0,cr:0;
p:(0.811404,0.421192),h:0,n:0,cr:0;
p:(0.807411,0.42548),h:0,n:0,cr:0;
p:(0.797999,0.435928),h:0,n:0,cr:0;
p:(0.798824,0.445399),h:0,n:0,cr:0;
p:(0.848998,0.457186),h:0,n:0,cr:0;
p:(0.78056,0.429122),h:0,n:0,cr:0;
p:(0.768776,0.431404),h:0,n:0,cr:0;
p:(0.772079,0.41897),h:0,n:0,cr:0;
p:(0.755437,0.42226),h:0,n:0,cr:0;
p:(0.746726,0.423797),h:0,n:0,cr:0;
p:(0.758948,0.399111),h:0,n:0,cr:0;
p:(0.712143,0.468191),h:0,n:0,cr:0;
p:(0.711616,0.47633),h:0,n:0,cr:0;
p:(0.701946,0.461431),h:0,n:0,cr:0;
p:(0.726467,0.469971),h:0,n:0,cr:0;
p:(0.705072,0.485683),h:0,n:0,cr:0;
p:(0.709894,0.487945),h:0,n:0,cr:0;
p:(0.702571,0.478),h:0,n:0,cr:0;
p:(0.698547,0.503416),h:0,n:0,cr:0;
p:(0.698844,0.509579),h:0,n:0,cr:0;
p:(0.710088,0.500321),h:0,n:0,cr:0;
p:(0.740742,0.487513),h:0,n:0,cr:0;
p:(0.741888,0.488685),h:0,n:0,cr:0;
p:(0.742359,0.491333),h:0,n:0,cr:0;
p:(0.735944,0.501357),h:0,n:0,cr:0;
p:(0.739594,0.512412),h:0,n:0,cr:0;
p:(0.759482,0.512068),h:0,n:0,cr:0;
p:(0.744147,0.542799),h:0,n:0,cr:0;
p:(0.736973,0.546533),h:0,n:0,cr:0;
p:(0.823887,0.503893),h:0,n:0,cr:0;
p:(0.841229,0.507118),h:0,n:0,cr:0;
p:(0.833252,0.48483),h:0,n:0,cr:0;
p:(0.796227,0.508833),h:0,n:0,cr:0;
p:(0.797457,0.516218),h:0,n:0,cr:0;
p:(0.806158,0.501914),h:0,n:0,cr:0;
p:(0.793084,0.535435),h:0,n:0,cr:0;
p:(0.798424,0.536923),h:0,n:0,cr:0;
p:(0.775021,0.526668),h:0,n:0,cr:0;
p:(0.815598,0.543293),h:0,n:0,cr:0;
p:(0.829242,0.551613),h:0,n:0,cr:0;
p:(0.788158,0.474449),h:0,n:0,cr:0;
p:(0.785651,0.476588),h:0,n:0,cr:0;
p:(0.783108,0.479166),h:0,n:0,cr:0;
p:(0.788197,0.487383),h:0,n:0,cr:0;
p:(0.808897,0.466932),h:0,n:0,cr:0;
p:(0.757229,0.466004),h:0,n:0,cr:0;
p:(0.766872,0.469378),h:0,n:0,cr:0;
p:(0.77838,0.587903),h:0,n:0,cr:0;
p:(0.768098,0.590608),h:0,n:0,cr:0;
p:(0.787798,0.593054),h:0,n:0,cr:0;
p:(0.78705,0.578978),h:0,n:0,cr:0;
p:(0.770134,0.565622),h:0,n:0,cr:0;
p:(0.754863,0.575675),h:0,n:0,cr:0;
p:(0.736706,0.591799),h:0,n:0,cr:0;
p:(0.753892,0.595823),h:0,n:0,cr:0;
p:(0.714398,0.600467),h:0,n:0,cr:0;
p:(0.741214,0.640506),h:0,n:0,cr:0;
p:(0.738631,0.644556),h:0,n:0,cr:0;
p:(0.740372,0.624115),h:0,n:0,cr:0;
p:(0.768171,0.628036),h:0,n:0,cr:0;
p:(0.761427,0.643879),h:0,n:0,cr:0;
p:(0.809772,0.579559),h:0,n:0,cr:0;
p:(0.816419,0.57962),h:0,n:0,cr:0;
p:(0.804315,0.583412),h:0,n:0,cr:0;
p:(0.829498,0.581459),h:0,n:0,cr:0;
p:(0.842078,0.563055),h:0,n:0,cr:0;
p:(0.840672,0.566159),h:0,n:0,cr:0;
p:(0.814081,0.610789),h:0,n:0,cr:0;
p:(0.821338,0.618773),h:0,n:0,cr:0;
p:(0.821341,0.597031),h:0,n:0,cr:0;
p:(0.79783,0.605808),h:0,n:0,cr:0;
p:(0.782328,0.609388),h:0,n:0,cr:0;
p:(0.59643,0.440899),h:0,n:0,cr:0;
p:(0.598421,0.452163),h:0,n:0,cr:0;
p:(0.596184,0.428381),h:0,n:0,cr:0;
p:(0.612498,0.450777),h:0,n:0,cr:0;
p:(0.572694,0.441868),h:0,n:0,cr:0;
p:(0.592846,0.469564),h:0,n:0,cr:0;
p:(0.593242,0.482821),h:0,n:0,cr:0;
p:(0.631966,0.452418),h:0,n:0,cr:0;
p:(0.638602,0.459977),h:0,n:0,cr:0;
p:(0.628694,0.46517),h:0,n:0,cr:0;
p:(0.626132,0.475498),h:0,n:0,cr:0;
p:(0.628665,0.415359),h:0,n:0,cr:0;
p:(0.633573,0.421978),h:0,n:0,cr:0;
p:(0.609579,0.409016),h:0,n:0,cr:0;
p:(0.656026,0.407003),h:0,n:0,cr:0;
p:(0.659867,0.448756),h:0,n:0,cr:0;
p:(0.667774,0.45861),h:0,n:0,cr:0;
p:(0.658689,0.470985),h:0,n:0,cr:0;
p:(0.658711,0.465672),h:0,n:0,cr:0;
p:(0.684503,0.463488),h:0,n:0,cr:0;
p:(0.677978,0.482389),h:0,n:0,cr:0;
p:(0.631949,0.523901),h:0,n:0,cr:0;
p:(0.630698,0.52543),h:0,n:0,cr:0;
p:(0.626748,0.522211),h:0,n:0,cr:0;
p:(0.641594,0.530895),h:0,n:0,cr:0;
p:(0.642192,0.529777),h:0,n:0,cr:0;
p:(0.634614,0.542725),h:0,n:0,cr:0;
p:(0.661139,0.521784),h:0,n:0,cr:0;
p:(0.68218,0.540898),h:0,n:0,cr:0;
p:(0.676934,0.566701),h:0,n:0,cr:0;
p:(0.159958,0.19578),h:0,n:0,cr:0;
p:(0.16399,0.196971),h:0,n:0,cr:0;
p:(0.153161,0.200354),h:0,n:0,cr:0;
p:(0.154485,0.185493),h:0,n:0,cr:0;
p:(0.150953,0.187612),h:0,n:0,cr:0;
p:(0.153322,0.214189),h:0,n:0,cr:0;
p:(0.157894,0.215248),h:0,n:0,cr:0;
p:(0.149024,0.223877),h:0,n:0,cr:0;
p:(0.161672,0.225916),h:0,n:0,cr:0;
p:(0.130953,0.20225),h:0,n:0,cr:0;
p:(0.13064,0.176614),h:0,n:0,cr:0;
p:(0.137318,0.18295),h:0,n:0,cr:0;
p:(0.144226,0.167752),h:0,n:0,cr:0;
p:(0.105019,0.177612),h:0,n:0,cr:0;
p:(0.107959,0.239727),h:0,n:0,cr:0;
p:(0.103693,0.250905),h:0,n:0,cr:0;
p:(0.0908973,0.234913),h:0,n:0,cr:0;
p:(0.126149,0.24249),h:0,n:0,cr:0;
p:(0.12747,0.246617),h:0,n:0,cr:0;
p:(0.117235,0.240151),h:0,n:0,cr:0;
p:(0.113085,0.220094),h:0,n:0,cr:0;
p:(0.113583,0.220111),h:0,n:0,cr:0;
p:(0.098755,0.215253),h:0,n:0,cr:0;
p:(0.11722,0.269229),h:0,n:0,cr:0;
p:(0.113166,0.274741),h:0,n:0,cr:0;
p:(0.102942,0.282967),h:0,n:0,cr:0;
p:(0.0772312,0.214162),h:0,n:0,cr:0;
p:(0.0854474,0.158675),h:0,n:0,cr:0;
p:(0.0859677,0.161065),h:0,n:0,cr:0;
p:(0.105083,0.128347),h:0,n:0,cr:0;
p:(0.168119,0.270069),h:0,n:0,cr:0;
p:(0.168376,0.27549),h:0,n:0,cr:0;
p:(0.14913,0.276252),h:0,n:0,cr:0;
p:(0.157577,0.292952),h:0,n:0,cr:0;
p:(0.133765,0.30313),h:0,n:0,cr:0;
p:(0.140375,0.304489),h:0,n:0,cr:0;
p:(0.127824,0.308007),h:0,n:0,cr:0;
p:(0.141225,0.313342),h:0,n:0,cr:0;
p:(0.187831,0.298737),h:0,n:0,cr:0;
p:(0.205323,0.168458),h:0,n:0,cr:0;
p:(0.207089,0.168966),h:0,n:0,cr:0;
p:(0.20509,0.170782),h:0,n:0,cr:0;
p:(0.213019,0.168311),h:0,n:0,cr:0;
p:(0.217739,0.17886),h:0,n:0,cr:0;
p:(0.216395,0.192599),h:0,n:0,cr:0;
p:(0.238598,0.162512),h:0,n:0,cr:0;
p:(0.25024,0.164838),h:0,n:0,cr:0;
p:(0.187344,0.17166),h:0,n:0,cr:0;
p:(0.197243,0.178907),h:0,n:0,cr:0;
p:(0.201454,0.212825),h:0,n:0,cr:0;
p:(0.217732,0.2145),h:0,n:0,cr:0;
p:(0.187291,0.197325),h:0,n:0,cr:0;
p:(0.209335,0.234283),h:0,n:0,cr:0;
p:(0.17447,0.235019),h:0,n:0,cr:0;
p:(0.255918,0.198799),h:0,n:0,cr:0;
p:(0.265376,0.201112),h:0,n:0,cr:0;
p:(0.255095,0.211901),h:0,n:0,cr:0;
p:(0.25484,0.220201),h:0,n:0,cr:0;
p:(0.270548,0.214448),h:0,n:0,cr:0;
p:(0.274997,0.229787),h:0,n:0,cr:0;
p:(0.265993,0.242633),h:0,n:0,cr:0;
p:(0.239279,0.246922),h:0,n:0,cr:0;
p:(0.264378,0.172937),h:0,n:0,cr:0;
p:(0.262,0.181874),h:0,n:0,cr:0;
p:(0.275682,0.15238),h:0,n:0,cr:0;
p:(0.244343,0.186145),h:0,n:0,cr:0;
p:(0.235667,0.195115),h:0,n:0,cr:0;
p:(0.287085,0.204712),h:0,n:0,cr:0;
p:(0.299532,0.215887),h:0,n:0,cr:0;
p:(0.290036,0.185868),h:0,n:0,cr:0;
p:(0.0137897,0.0188756),h:0,n:0,cr:0;
p:(0.0126014,0.0243418),h:0,n:0,cr:0;
p:(0.00461448,0.00608976),h:0,n:0,cr:0;
p:(0.03513,0.0196655),h:0,n:0,cr:0;
p:(0.0244774,0.0263787),h:0,n:0,cr:0;
p:(0.0444557,0.0380742),h:0,n:0,cr:0;
p:(0.0515218,0.000323207),h:0,n:0,cr:0;
p:(0.0541628,0.00633076),h:0,n:0,cr:0;
p:(0.0366696,0.00316242),h:0,n:0,cr:0;
p:(0.0752154,0.0479333),h:0,n:0,cr:0;
p:(0.0714584,0.0720316),h:0,n:0,cr:0;
p:(0.0976529,0.0583264),h:0,n:0,cr:0;
p:(0.0591277,0.11264),h:0,n:0,cr:0;
p:(0.0494415,0.116847),h:0,n:0,cr:0;
p:(0.0668945,0.100776),h:0,n:0,cr:0;
p:(0.0782112,0.11059),h:0,n:0,cr:0;
p:(0.0844761,0.0978671),h:0,n:0,cr:0;
p:(0.0374563,0.0836941),h:0,n:0,cr:0;
p:(0.0229964,0.0941607),h:0,n:0,cr:0;
p:(0.0154773,0.0614675),h:0,n:0,cr:0;
p:(0.144843,0.0510654),h:0,n:0,cr:0;
p:(0.144114,0.0582681),h:0,n:0,cr:0;
p:(0.149708,0.0713371),h:0,n:0,cr:0;
p:(0.123012,0.0697442),h:0,n:0,cr:0;
p:(0.131763,0.0803989),h:0,n:0,cr:0;
p:(0.128873,0.0950822),h:0,n:0,cr:0;
p:(0.122058,0.0262889),h:0,n:0,cr:0;
p:(0.143924,0.0277804),h:0,n:0,cr:0;
p:(0.133979,0.00629068),h:0,n:0,cr:0;
p:(0.10692,0.00256679),h:0,n:0,cr:0;
p:(0.159191,0.119623),h:0,n:0,cr:0;
p:(0.157579,0.122154),h:0,n:0,cr:0;
p:(0.148409,0.107333),h:0,n:0,cr:0;
p:(0.179732,0.129401),h:0,n:0,cr:0;
p:(0.183267,0.104583),h:0,n:0,cr:0;
p:(0.147485,0.148963),h:0,n:0,cr:0;
p:(0.163543,0.161152),h:0,n:0,cr:0;
p:(0.201866,0.135181),h:0,n:0,cr:0;
p:(0.221945,0.140754),h:0,n:0,cr:0;
p:(0.105843,0.568732),h:0,n:0,cr:0;
p:(0.0892332,0.572458),h:0,n:0,cr:0;
p:(0.0908697,0.554497),h:0,n:0,cr:0;
p:(0.0744995,0.586777),h:0,n:0,cr:0;
p:(0.0902916,0.600933),h:0,n:0,cr:0;
p:(0.108403,0.605892),h:0,n:0,cr:0;
p:(0.127343,0.565931),h:0,n:0,cr:0;
p:(0.103035,0.533948),h:0,n:0,cr:0;
p:(0.102767,0.540167),h:0,n:0,cr:0;
p:(0.116409,0.524179),h:0,n:0,cr:0;
p:(0.0574198,0.531658),h:0,n:0,cr:0;
p:(0.0613407,0.531991),h:0,n:0,cr:0;
p:(0.051506,0.534915),h:0,n:0,cr:0;
p:(0.0445427,0.536704),h:0,n:0,cr:0;
p:(0.0632653,0.559422),h:0,n:0,cr:0;
p:(0.0648803,0.566739),h:0,n:0,cr:0;
p:(0.0214481,0.509117),h:0,n:0,cr:0;
p:(0.0122447,0.511247),h:0,n:0,cr:0;
p:(0.0343264,0.520218),h:0,n:0,cr:0;
p:(0.000226128,0.522611),h:0,n:0,cr:0;
p:(0.011227,0.523407),h:0,n:0,cr:0;
p:(0.0230552,0.539457),h:0,n:0,cr:0;
p:(0.0270433,0.543617),h:0,n:0,cr:0;
p:(0.0225949,0.532911),h:0,n:0,cr:0;
p:(0.00448841,0.559071),h:0,n:0,cr:0;
p:(0.0254964,0.560867),h:0,n:0,cr:0;
p:(0.0457813,0.623695),h:0,n:0,cr:0;
p:(0.0336168,0.625995),h:0,n:0,cr:0;
p:(0.0678819,0.625689),h:0,n:0,cr:0;
p:(0.0726005,0.635749),h:0,n:0,cr:0;
p:(0.0193061,0.589134),h:0,n:0,cr:0;
p:(0.00171806,0.61636),h:0,n:0,cr:0;
p:(0.0344041,0.670569),h:0,n:0,cr:0;
p:(0.0344113,0.674744),h:0,n:0,cr:0;
p:(0.0454951,0.678261),h:0,n:0,cr:0;
p:(0.00973977,0.665637),h:0,n:0,cr:0;
p:(0.0150466,0.668914),h:0,n:0,cr:0;
p:(0.172099,0.457597),h:0,n:0,cr:0;
p:(0.163786,0.465917),h:0,n:0,cr:0;
p:(0.177578,0.446641),h:0,n:0,cr:0;
p:(0.191615,0.445823),h:0,n:0,cr:0;
p:(0.151153,0.477099),h:0,n:0,cr:0;
p:(0.151202,0.469089),h:0,n:0,cr:0;
p:(0.172621,0.485789),h:0,n:0,cr:0;
p:(0.164526,0.491756),h:0,n:0,cr:0;
p:(0.130439,0.438151),h:0,n:0,cr:0;
p:(0.145299,0.440967),h:0,n:0,cr:0;
p:(0.138698,0.456671),h:0,n:0,cr:0;
p:(0.168378,0.423728),h:0,n:0,cr:0;
p:(0.178455,0.426777),h:0,n:0,cr:0;
p:(0.213242,0.459508),h:0,n:0,cr:0;
p:(0.205069,0.462388),h:0,n:0,cr:0;
p:(0.213739,0.446509),h:0,n:0,cr:0;
p:(0.119212,0.472564),h:0,n:0,cr:0;
p:(0.130203,0.476629),h:0,n:0,cr:0;
p:(0.113014,0.483938),h:0,n:0,cr:0;
p:(0.0832154,0.488287),h:0,n:0,cr:0;
p:(0.090356,0.492165),h:0,n:0,cr:0;
p:(0.195283,0.525271),h:0,n:0,cr:0;
p:(0.206801,0.528829),h:0,n:0,cr:0;
p:(0.175646,0.538534),h:0,n:0,cr:0;
p:(0.186485,0.544685),h:0,n:0,cr:0;
p:(0.205223,0.501591),h:0,n:0,cr:0;
p:(0.200121,0.502696),h:0,n:0,cr:0;
p:(0.206376,0.480676),h:0,n:0,cr:0;
p:(0.216172,0.541566),h:0,n:0,cr:0;
p:(0.160085,0.5192),h:0,n:0,cr:0;
p:(0.156656,0.531474),h:0,n:0,cr:0;
p:(0.145383,0.511624),h:0,n:0,cr:0;
p:(0.159569,0.502264),h:0,n:0,cr:0;
p:(0.171341,0.507076),h:0,n:0,cr:0;
p:(0.142705,0.540473),h:0,n:0,cr:0;
p:(0.190107,0.624524),h:0,n:0,cr:0;
p:(0.194601,0.625917),h:0,n:0,cr:0;
p:(0.18828,0.630724),h:0,n:0,cr:0;
p:(0.184723,0.632112),h:0,n:0,cr:0;
p:(0.184134,0.643395),h:0,n:0,cr:0;
p:(0.181951,0.60691),h:0,n:0,cr:0;
p:(0.156759,0.637396),h:0,n:0,cr:0;
p:(0.152132,0.640446),h:0,n:0,cr:0;
p:(0.164008,0.646294),h:0,n:0,cr:0;
p:(0.168282,0.635457),h:0,n:0,cr:0;
p:(0.143584,0.628056),h:0,n:0,cr:0;
p:(0.145048,0.655998),h:0,n:0,cr:0;
p:(0.198641,0.564362),h:0,n:0,cr:0;
p:(0.203483,0.566649),h:0,n:0,cr:0;
p:(0.180953,0.580179),h:0,n:0,cr:0;
p:(0.18645,0.587804),h:0,n:0,cr:0;
p:(0.151144,0.598689),h:0,n:0,cr:0;
p:(0.151247,0.575312),h:0,n:0,cr:0;
p:(0.226115,0.601452),h:0,n:0,cr:0;
p:(0.229099,0.602663),h:0,n:0,cr:0;
p:(0.207337,0.615636),h:0,n:0,cr:0;
p:(0.236975,0.641082),h:0,n:0,cr:0;
p:(0.232764,0.654435),h:0,n:0,cr:0;
p:(0.244052,0.668615),h:0,n:0,cr:0;
p:(0.232448,0.682664),h:0,n:0,cr:0;
p:(0.172383,0.741874),h:0,n:0,cr:0;
p:(0.177351,0.743473),h:0,n:0,cr:0;
p:(0.170112,0.734334),h:0,n:0,cr:0;
p:(0.177825,0.754458),h:0,n:0,cr:0;
p:(0.186556,0.738298),h:0,n:0,cr:0;
p:(0.191661,0.739664),h:0,n:0,cr:0;
p:(0.187654,0.744848),h:0,n:0,cr:0;
p:(0.210034,0.748792),h:0,n:0,cr:0;
p:(0.201939,0.750401),h:0,n:0,cr:0;
p:(0.204153,0.770366),h:0,n:0,cr:0;
p:(0.206458,0.722249),h:0,n:0,cr:0;
p:(0.185715,0.694774),h:0,n:0,cr:0;
p:(0.186282,0.695649),h:0,n:0,cr:0;
p:(0.159568,0.696109),h:0,n:0,cr:0;
p:(0.172195,0.717472),h:0,n:0,cr:0;
p:(0.197476,0.662276),h:0,n:0,cr:0;
p:(0.192467,0.675507),h:0,n:0,cr:0;
p:(0.234552,0.747521),h:0,n:0,cr:0;
p:(0.230106,0.753437),h:0,n:0,cr:0;
p:(0.240837,0.740385),h:0,n:0,cr:0;
p:(0.253556,0.751127),h:0,n:0,cr:0;
p:(0.26231,0.76344),h:0,n:0,cr:0;
p:(0.271023,0.747201),h:0,n:0,cr:0;
p:(0.236978,0.72205),h:0,n:0,cr:0;
p:(0.639131,0.715577),h:0,n:0,cr:0;
p:(0.636549,0.721589),h:0,n:0,cr:0;
p:(0.644324,0.732501),h:0,n:0,cr:0;
p:(0.62007,0.729936),h:0,n:0,cr:0;
p:(0.613678,0.705687),h:0,n:0,cr:0;
p:(0.620091,0.706362),h:0,n:0,cr:0;
p:(0.626547,0.696718),h:0,n:0,cr:0;
p:(0.661894,0.717672),h:0,n:0,cr:0;
p:(0.671204,0.71849),h:0,n:0,cr:0;
p:(0.654164,0.724861),h:0,n:0,cr:0;
p:(0.586441,0.713466),h:0,n:0,cr:0;
p:(0.596091,0.720032),h:0,n:0,cr:0;
p:(0.59211,0.733903),h:0,n:0,cr:0;
p:(0.637231,0.670433),h:0,n:0,cr:0;
p:(0.648194,0.671656),h:0,n:0,cr:0;
p:(0.633365,0.656319),h:0,n:0,cr:0;
p:(0.653002,0.65664),h:0,n:0,cr:0;
p:(0.618596,0.656932),h:0,n:0,cr:0;
p:(0.642888,0.631439),h:0,n:0,cr:0;
p:(0.637988,0.641118),h:0,n:0,cr:0;
p:(0.62454,0.757788),h:0,n:0,cr:0;
p:(0.681687,0.675478),h:0,n:0,cr:0;
p:(0.67856,0.680701),h:0,n:0,cr:0;
p:(0.693,0.669333),h:0,n:0,cr:0;
p:(0.668004,0.687159),h:0,n:0,cr:0;
p:(0.676177,0.696777),h:0,n:0,cr:0;
p:(0.655648,0.683093),h:0,n:0,cr:0;
p:(0.710239,0.669083),h:0,n:0,cr:0;
p:(0.705372,0.670239),h:0,n:0,cr:0;
p:(0.710773,0.680262),h:0,n:0,cr:0;
p:(0.727756,0.705472),h:0,n:0,cr:0;
p:(0.725023,0.709627),h:0,n:0,cr:0;
p:(0.733421,0.703129),h:0,n:0,cr:0;
p:(0.709863,0.722406),h:0,n:0,cr:0;
p:(0.714079,0.731969),h:0,n:0,cr:0;
p:(0.699155,0.613948),h:0,n:0,cr:0;
p:(0.687316,0.615181),h:0,n:0,cr:0;
p:(0.690229,0.630269),h:0,n:0,cr:0;
p:(0.671779,0.602904),h:0,n:0,cr:0;
p:(0.663546,0.615209),h:0,n:0,cr:0;
p:(0.678235,0.646129),h:0,n:0,cr:0;
p:(0.583205,0.556954),h:0,n:0,cr:0;
p:(0.580536,0.55744),h:0,n:0,cr:0;
p:(0.585513,0.550457),h:0,n:0,cr:0;
p:(0.581508,0.58302),h:0,n:0,cr:0;
p:(0.595519,0.597091),h:0,n:0,cr:0;
p:(0.607652,0.570833),h:0,n:0,cr:0;
p:(0.599953,0.57961),h:0,n:0,cr:0;
p:(0.645816,0.587146),h:0,n:0,cr:0;
p:(0.648059,0.5855),h:0,n:0,cr:0;
p:(0.638887,0.591462),h:0,n:0,cr:0;
p:(0.64099,0.564422),h:0,n:0,cr:0;
p:(0.649877,0.571767),h:0,n:0,cr:0;
p:(0.579194,0.623733),h:0,n:0,cr:0;
p:(0.586502,0.633927),h:0,n:0,cr:0;
p:(0.586447,0.612653),h:0,n:0,cr:0;
p:(0.574163,0.607594),h:0,n:0,cr:0;
p:(0.600069,0.624111),h:0,n:0,cr:0;
p:(0.597123,0.646184),h:0,n:0,cr:0;
p:(0.572028,0.648335),h:0,n:0,cr:0;
p:(0.551414,0.576886),h:0,n:0,cr:0;
p:(0.550182,0.578702),h:0,n:0,cr:0;
p:(0.555687,0.57615),h:0,n:0,cr:0;
p:(0.563015,0.573809),h:0,n:0,cr:0;
p:(0.546376,0.595073),h:0,n:0,cr:0;
p:(0.486277,0.694335),h:0,n:0,cr:0;
p:(0.484206,0.697698),h:0,n:0,cr:0;
p:(0.472736,0.689584),h:0,n:0,cr:0;
p:(0.50123,0.700058),h:0,n:0,cr:0;
p:(0.508453,0.702132),h:0,n:0,cr:0;
p:(0.516828,0.695007),h:0,n:0,cr:0;
p:(0.50425,0.664655),h:0,n:0,cr:0;
p:(0.486724,0.732344),h:0,n:0,cr:0;
p:(0.484679,0.73611),h:0,n:0,cr:0;
p:(0.476422,0.758957),h:0,n:0,cr:0;
p:(0.464119,0.713269),h:0,n:0,cr:0;
p:(0.451713,0.721913),h:0,n:0,cr:0;
p:(0.546487,0.737674),h:0,n:0,cr:0;
p:(0.549599,0.743135),h:0,n:0,cr:0;
p:(0.533886,0.732348),h:0,n:0,cr:0;
p:(0.570765,0.740261),h:0,n:0,cr:0;
p:(0.520583,0.727558),h:0,n:0,cr:0;
p:(0.519865,0.7348),h:0,n:0,cr:0;
p:(0.55704,0.692052),h:0,n:0,cr:0;
p:(0.555728,0.69892),h:0,n:0,cr:0;
p:(0.572176,0.702145),h:0,n:0,cr:0;
p:(0.543257,0.70914),h:0,n:0,cr:0;
p:(0.580937,0.686027),h:0,n:0,cr:0;
p:(0.37584,0.364657),h:0,n:0,cr:0;
p:(0.37476,0.371733),h:0,n:0,cr:0;
p:(0.384107,0.373799),h:0,n:0,cr:0;
p:(0.368819,0.382338),h:0,n:0,cr:0;
p:(0.354175,0.384849),h:0,n:0,cr:0;
p:(0.352432,0.399342),h:0,n:0,cr:0;
p:(0.368914,0.347302),h:0,n:0,cr:0;
p:(0.367136,0.347474),h:0,n:0,cr:0;
p:(0.376265,0.329169),h:0,n:0,cr:0;
p:(0.402766,0.269461),h:0,n:0,cr:0;
p:(0.406967,0.279388),h:0,n:0,cr:0;
p:(0.409219,0.298761),h:0,n:0,cr:0;
p:(0.401189,0.301856),h:0,n:0,cr:0;
p:(0.375219,0.287677),h:0,n:0,cr:0;
p:(0.382648,0.30723),h:0,n:0,cr:0;
p:(0.408281,0.330736),h:0,n:0,cr:0;
p:(0.395308,0.34821),h:0,n:0,cr:0;
p:(0.334295,0.318182),h:0,n:0,cr:0;
p:(0.331696,0.318871),h:0,n:0,cr:0;
p:(0.323853,0.318911),h:0,n:0,cr:0;
p:(0.333174,0.331052),h:0,n:0,cr:0;
p:(0.343863,0.29886),h:0,n:0,cr:0;
p:(0.357671,0.303258),h:0,n:0,cr:0;
p:(0.328783,0.298486),h:0,n:0,cr:0;
p:(0.323828,0.345251),h:0,n:0,cr:0;
p:(0.324736,0.354259),h:0,n:0,cr:0;
p:(0.339806,0.351496),h:0,n:0,cr:0;
p:(0.295861,0.343208),h:0,n:0,cr:0;
p:(0.298998,0.288038),h:0,n:0,cr:0;
p:(0.309611,0.29589),h:0,n:0,cr:0;
p:(0.217581,0.333371),h:0,n:0,cr:0;
p:(0.217865,0.334256),h:0,n:0,cr:0;
p:(0.212324,0.325882),h:0,n:0,cr:0;
p:(0.20719,0.339612),h:0,n:0,cr:0;
p:(0.202008,0.3262),h:0,n:0,cr:0;
p:(0.22945,0.303415),h:0,n:0,cr:0;
p:(0.238376,0.308023),h:0,n:0,cr:0;
p:(0.221097,0.311367),h:0,n:0,cr:0;
p:(0.253537,0.275586),h:0,n:0,cr:0;
p:(0.267695,0.27767),h:0,n:0,cr:0;
p:(0.238499,0.277778),h:0,n:0,cr:0;
p:(0.248108,0.294636),h:0,n:0,cr:0;
p:(0.265227,0.31504),h:0,n:0,cr:0;
p:(0.272972,0.345697),h:0,n:0,cr:0;
p:(0.274968,0.348669),h:0,n:0,cr:0;
p:(0.271567,0.341442),h:0,n:0,cr:0;
p:(0.267751,0.365778),h:0,n:0,cr:0;
p:(0.274194,0.366654),h:0,n:0,cr:0;
p:(0.25259,0.371714),h:0,n:0,cr:0;
p:(0.24649,0.354659),h:0,n:0,cr:0;
p:(0.244243,0.355713),h:0,n:0,cr:0;
p:(0.239489,0.354961),h:0,n:0,cr:0;
p:(0.237383,0.359399),h:0,n:0,cr:0;
p:(0.239009,0.346823),h:0,n:0,cr:0;
p:(0.355064,0.247364),h:0,n:0,cr:0;
p:(0.36358,0.248406),h:0,n:0,cr:0;
p:(0.345216,0.25313),h:0,n:0,cr:0;
p:(0.36368,0.239178),h:0,n:0,cr:0;
p:(0.368374,0.25635),h:0,n:0,cr:0;
p:(0.352706,0.26927),h:0,n:0,cr:0;
p:(0.352736,0.264209),h:0,n:0,cr:0;
p:(0.342332,0.280458),h:0,n:0,cr:0;
p:(0.320816,0.255888),h:0,n:0,cr:0;
p:(0.326523,0.257763),h:0,n:0,cr:0;
p:(0.312393,0.253283),h:0,n:0,cr:0;
p:(0.328875,0.270608),h:0,n:0,cr:0;
p:(0.398925,0.235317),h:0,n:0,cr:0;
p:(0.404153,0.239337),h:0,n:0,cr:0;
p:(0.382268,0.236481),h:0,n:0,cr:0;
p:(0.425384,0.246068),h:0,n:0,cr:0;
p:(0.371365,0.449483),h:0,n:0,cr:0;
p:(0.370654,0.456733),h:0,n:0,cr:0;
p:(0.381331,0.442076),h:0,n:0,cr:0;
p:(0.35982,0.455476),h:0,n:0,cr:0;
p:(0.37335,0.468505),h:0,n:0,cr:0;
p:(0.368182,0.471431),h:0,n:0,cr:0;
p:(0.343734,0.456896),h:0,n:0,cr:0;
p:(0.335662,0.467514),h:0,n:0,cr:0;
p:(0.332365,0.431112),h:0,n:0,cr:0;
p:(0.326897,0.443679),h:0,n:0,cr:0;
p:(0.313963,0.458801),h:0,n:0,cr:0;
p:(0.30775,0.463057),h:0,n:0,cr:0;
p:(0.365699,0.418827),h:0,n:0,cr:0;
p:(0.355503,0.426647),h:0,n:0,cr:0;
p:(0.369442,0.400665),h:0,n:0,cr:0;
p:(0.321711,0.393087),h:0,n:0,cr:0;
p:(0.323954,0.394453),h:0,n:0,cr:0;
p:(0.326441,0.39297),h:0,n:0,cr:0;
p:(0.329278,0.409239),h:0,n:0,cr:0;
p:(0.306986,0.378723),h:0,n:0,cr:0;
p:(0.294135,0.417265),h:0,n:0,cr:0;
p:(0.295089,0.426182),h:0,n:0,cr:0;
p:(0.284138,0.437046),h:0,n:0,cr:0;
p:(0.413789,0.456953),h:0,n:0,cr:0;
p:(0.414378,0.459881),h:0,n:0,cr:0;
p:(0.400467,0.448051),h:0,n:0,cr:0;
p:(0.40574,0.471501),h:0,n:0,cr:0;
p:(0.413934,0.476498),h:0,n:0,cr:0;
p:(0.437695,0.455428),h:0,n:0,cr:0;
p:(0.437905,0.459963),h:0,n:0,cr:0;
p:(0.44492,0.458035),h:0,n:0,cr:0;
p:(0.399434,0.415126),h:0,n:0,cr:0;
p:(0.394502,0.419184),h:0,n:0,cr:0;
p:(0.406316,0.415804),h:0,n:0,cr:0;
p:(0.41703,0.431858),h:0,n:0,cr:0;
p:(0.41453,0.434252),h:0,n:0,cr:0;
p:(0.405264,0.431066),h:0,n:0,cr:0;
p:(0.440781,0.428158),h:0,n:0,cr:0;
p:(0.207092,0.380181),h:0,n:0,cr:0;
p:(0.203552,0.383635),h:0,n:0,cr:0;
p:(0.208786,0.390881),h:0,n:0,cr:0;
p:(0.196002,0.387659),h:0,n:0,cr:0;
p:(0.186654,0.375913),h:0,n:0,cr:0;
p:(0.188298,0.399513),h:0,n:0,cr:0;
p:(0.159818,0.377906),h:0,n:0,cr:0;
p:(0.181872,0.346107),h:0,n:0,cr:0;
p:(0.194182,0.347133),h:0,n:0,cr:0;
p:(0.236305,0.414784),h:0,n:0,cr:0;
p:(0.235346,0.416143),h:0,n:0,cr:0;
p:(0.232026,0.424376),h:0,n:0,cr:0;
p:(0.239264,0.400239),h:0,n:0,cr:0;
p:(0.25975,0.43067),h:0,n:0,cr:0;
p:(0.260249,0.430998),h:0,n:0,cr:0;
p:(0.503319,0.56877),h:0,n:0,cr:0;
p:(0.502248,0.56942),h:0,n:0,cr:0;
p:(0.497403,0.564231),h:0,n:0,cr:0;
p:(0.51006,0.572344),h:0,n:0,cr:0;
p:(0.502589,0.580777),h:0,n:0,cr:0;
p:(0.521363,0.566213),h:0,n:0,cr:0;
p:(0.51883,0.567712),h:0,n:0,cr:0;
p:(0.530224,0.576532),h:0,n:0,cr:0;
p:(0.488483,0.55499),h:0,n:0,cr:0;
p:(0.480462,0.557534),h:0,n:0,cr:0;
p:(0.470393,0.539986),h:0,n:0,cr:0;
p:(0.473228,0.583284),h:0,n:0,cr:0;
p:(0.511212,0.536747),h:0,n:0,cr:0;
p:(0.512248,0.538565),h:0,n:0,cr:0;
p:(0.511471,0.532394),h:0,n:0,cr:0;
p:(0.507772,0.525915),h:0,n:0,cr:0;
p:(0.51631,0.548193),h:0,n:0,cr:0;
p:(0.532842,0.543525),h:0,n:0,cr:0;
p:(0.529908,0.546735),h:0,n:0,cr:0;
p:(0.518289,0.633834),h:0,n:0,cr:0;
p:(0.510024,0.63809),h:0,n:0,cr:0;
p:(0.517583,0.623373),h:0,n:0,cr:0;
p:(0.523126,0.64878),h:0,n:0,cr:0;
p:(0.53765,0.617821),h:0,n:0,cr:0;
p:(0.544888,0.621276),h:0,n:0,cr:0;
p:(0.526689,0.618087),h:0,n:0,cr:0;
p:(0.516229,0.59934),h:0,n:0,cr:0;
p:(0.513807,0.602992),h:0,n:0,cr:0;
p:(0.527561,0.596715),h:0,n:0,cr:0;
p:(0.463875,0.6025),h:0,n:0,cr:0;
p:(0.463985,0.611032),h:0,n:0,cr:0;
p:(0.446078,0.609907),h:0,n:0,cr:0;
p:(0.451669,0.619025),h:0,n:0,cr:0;
p:(0.468285,0.639794),h:0,n:0,cr:0;
p:(0.45971,0.643024),h:0,n:0,cr:0;
p:(0.423268,0.599064),h:0,n:0,cr:0;
p:(0.417135,0.607569),h:0,n:0,cr:0;
p:(0.438163,0.57672),h:0,n:0,cr:0;
p:(0.441778,0.552224),h:0,n:0,cr:0;
p:(0.438138,0.553616),h:0,n:0,cr:0;
p:(0.439743,0.545069),h:0,n:0,cr:0;
p:(0.427299,0.560358),h:0,n:0,cr:0;
p:(0.424384,0.543154),h:0,n:0,cr:0;
p:(0.423674,0.547796),h:0,n:0,cr:0;
p:(0.419249,0.539051),h:0,n:0,cr:0;
p:(0.4035,0.542764),h:0,n:0,cr:0;
p:(0.401486,0.54593),h:0,n:0,cr:0;
p:(0.418507,0.526172),h:0,n:0,cr:0;
p:(0.446228,0.527244),h:0,n:0,cr:0;
p:(0.577591,0.424016),h:0,n:0,cr:0;
p:(0.576806,0.428536),h:0,n:0,cr:0;
p:(0.578872,0.416675),h:0,n:0,cr:0;
p:(0.570795,0.407774),h:0,n:0,cr:0;
p:(0.549165,0.423837),h:0,n:0,cr:0;
p:(0.554085,0.426442),h:0,n:0,cr:0;
p:(0.557609,0.421305),h:0,n:0,cr:0;
p:(0.557847,0.434317),h:0,n:0,cr:0;
p:(0.539539,0.400933),h:0,n:0,cr:0;
p:(0.540629,0.406673),h:0,n:0,cr:0;
p:(0.540262,0.392917),h:0,n:0,cr:0;
p:(0.521598,0.397251),h:0,n:0,cr:0;
p:(0.528087,0.436446),h:0,n:0,cr:0;
p:(0.511003,0.44841),h:0,n:0,cr:0;
p:(0.550918,0.460951),h:0,n:0,cr:0;
p:(0.485941,0.418392),h:0,n:0,cr:0;
p:(0.496337,0.421986),h:0,n:0,cr:0;
p:(0.497024,0.410779),h:0,n:0,cr:0;
p:(0.515833,0.419902),h:0,n:0,cr:0;
p:(0.474846,0.446665),h:0,n:0,cr:0;
p:(0.460768,0.455484),h:0,n:0,cr:0;
p:(0.465183,0.431305),h:0,n:0,cr:0;
p:(0.482136,0.389618),h:0,n:0,cr:0;
p:(0.480252,0.3994),h:0,n:0,cr:0;
p:(0.480266,0.377814),h:0,n:0,cr:0;
p:(0.495912,0.393559),h:0,n:0,cr:0;
p:(0.517613,0.348891),h:0,n:0,cr:0;
p:(0.51842,0.360947),h:0,n:0,cr:0;
p:(0.529092,0.337087),h:0,n:0,cr:0;
p:(0.503871,0.358255),h:0,n:0,cr:0;
p:(0.514746,0.326839),h:0,n:0,cr:0;
p:(0.549261,0.374776),h:0,n:0,cr:0;
p:(0.549662,0.492005),h:0,n:0,cr:0;
p:(0.550535,0.493659),h:0,n:0,cr:0;
p:(0.545378,0.497831),h:0,n:0,cr:0;
p:(0.557934,0.488501),h:0,n:0,cr:0;
p:(0.523997,0.496339),h:0,n:0,cr:0;
p:(0.570219,0.498736),h:0,n:0,cr:0;
p:(0.573466,0.499071),h:0,n:0,cr:0;
p:(0.568664,0.514344),h:0,n:0,cr:0;
p:(0.557498,0.514571),h:0,n:0,cr:0;
p:(0.555965,0.526893),h:0,n:0,cr:0;
p:(0.494435,0.475374),h:0,n:0,cr:0;
p:(0.509003,0.478904),h:0,n:0,cr:0;
p:(0.482781,0.488103),h:0,n:0,cr:0;
p:(0.475649,0.492743),h:0,n:0,cr:0;
p:(0.465265,0.497293),h:0,n:0,cr:0;
p:(0.476199,0.507023),h:0,n:0,cr:0;
p:(0.446135,0.500326),h:0,n:0,cr:0;
p:(0.588288,0.105022),h:0,n:0,cr:0;
p:(0.586549,0.110752),h:0,n:0,cr:0;
p:(0.582878,0.0956002),h:0,n:0,cr:0;
p:(0.578971,0.112443),h:0,n:0,cr:0;
p:(0.575917,0.0870844),h:0,n:0,cr:0;
p:(0.574935,0.0878089),h:0,n:0,cr:0;
p:(0.572887,0.092909),h:0,n:0,cr:0;
p:(0.623595,0.096085),h:0,n:0,cr:0;
p:(0.621584,0.104423),h:0,n:0,cr:0;
p:(0.630126,0.0787438),h:0,n:0,cr:0;
p:(0.609601,0.112026),h:0,n:0,cr:0;
p:(0.650026,0.113179),h:0,n:0,cr:0;
p:(0.638697,0.142402),h:0,n:0,cr:0;
p:(0.648114,0.147573),h:0,n:0,cr:0;
p:(0.631416,0.153019),h:0,n:0,cr:0;
p:(0.656076,0.160386),h:0,n:0,cr:0;
p:(0.656028,0.16941),h:0,n:0,cr:0;
p:(0.591729,0.0531395),h:0,n:0,cr:0;
p:(0.590452,0.0537029),h:0,n:0,cr:0;
p:(0.581225,0.0504708),h:0,n:0,cr:0;
p:(0.594068,0.0690788),h:0,n:0,cr:0;
p:(0.581926,0.0364249),h:0,n:0,cr:0;
p:(0.574646,0.0393918),h:0,n:0,cr:0;
p:(0.5855,0.0239372),h:0,n:0,cr:0;
p:(0.617304,0.0640776),h:0,n:0,cr:0;
p:(0.628296,0.0669402),h:0,n:0,cr:0;
p:(0.61087,0.077249),h:0,n:0,cr:0;
p:(0.727277,0.093513),h:0,n:0,cr:0;
p:(0.722024,0.100887),h:0,n:0,cr:0;
p:(0.718009,0.0878245),h:0,n:0,cr:0;
p:(0.71322,0.109073),h:0,n:0,cr:0;
p:(0.725559,0.114536),h:0,n:0,cr:0;
p:(0.733541,0.127232),h:0,n:0,cr:0;
p:(0.734567,0.132645),h:0,n:0,cr:0;
p:(0.737305,0.118451),h:0,n:0,cr:0;
p:(0.695101,0.119975),h:0,n:0,cr:0;
p:(0.679858,0.128451),h:0,n:0,cr:0;
p:(0.755045,0.0900583),h:0,n:0,cr:0;
p:(0.66336,0.0529527),h:0,n:0,cr:0;
p:(0.664952,0.055479),h:0,n:0,cr:0;
p:(0.661679,0.0572826),h:0,n:0,cr:0;
p:(0.678777,0.0598798),h:0,n:0,cr:0;
p:(0.649667,0.0626999),h:0,n:0,cr:0;
p:(0.677346,0.079851),h:0,n:0,cr:0;
p:(0.693336,0.0941603),h:0,n:0,cr:0;
p:(0.655518,0.0160054),h:0,n:0,cr:0;
p:(0.642462,0.0229209),h:0,n:0,cr:0;
p:(0.627654,0.0319037),h:0,n:0,cr:0;
p:(0.697719,0.029309),h:0,n:0,cr:0;
p:(0.800172,0.116852),h:0,n:0,cr:0;
p:(0.795659,0.117356),h:0,n:0,cr:0;
p:(0.802574,0.131283),h:0,n:0,cr:0;
p:(0.778844,0.108581),h:0,n:0,cr:0;
p:(0.787532,0.111879),h:0,n:0,cr:0;
p:(0.774821,0.140544),h:0,n:0,cr:0;
p:(0.77567,0.143131),h:0,n:0,cr:0;
p:(0.787692,0.130799),h:0,n:0,cr:0;
p:(0.810002,0.145444),h:0,n:0,cr:0;
p:(0.800934,0.147741),h:0,n:0,cr:0;
p:(0.818531,0.157001),h:0,n:0,cr:0;
p:(0.827298,0.117631),h:0,n:0,cr:0;
p:(0.827811,0.12223),h:0,n:0,cr:0;
p:(0.837136,0.0885701),h:0,n:0,cr:0;
p:(0.768372,0.00423243),h:0,n:0,cr:0;
p:(0.764339,0.00655743),h:0,n:0,cr:0;
p:(0.765476,0.0151563),h:0,n:0,cr:0;
p:(0.736767,0.0280525),h:0,n:0,cr:0;
p:(0.760352,0.0325731),h:0,n:0,cr:0;
p:(0.787483,0.0630423),h:0,n:0,cr:0;
p:(0.799834,0.0694627),h:0,n:0,cr:0;
p:(0.775446,0.0814044),h:0,n:0,cr:0;
p:(0.813371,0.0595801),h:0,n:0,cr:0;
p:(0.816166,0.0297616),h:0,n:0,cr:0;
p:(0.818628,0.0304778),h:0,n:0,cr:0;
p:(0.823019,0.0237326),h:0,n:0,cr:0;
p:(0.826064,0.0431985),h:0,n:0,cr:0;
p:(0.600218,0.192633),h:0,n:0,cr:0;
p:(0.596756,0.19678),h:0,n:0,cr:0;
p:(0.587959,0.189894),h:0,n:0,cr:0;
p:(0.600792,0.212205),h:0,n:0,cr:0;
p:(0.625784,0.187922),h:0,n:0,cr:0;
p:(0.626413,0.178019),h:0,n:0,cr:0;
p:(0.594496,0.155952),h:0,n:0,cr:0;
p:(0.581055,0.172458),h:0,n:0,cr:0;
p:(0.613636,0.168108),h:0,n:0,cr:0;
p:(0.570273,0.140473),h:0,n:0,cr:0;
p:(0.577725,0.149203),h:0,n:0,cr:0;
p:(0.562265,0.182829),h:0,n:0,cr:0;
p:(0.560455,0.192865),h:0,n:0,cr:0;
p:(0.557714,0.173673),h:0,n:0,cr:0;
p:(0.552367,0.164511),h:0,n:0,cr:0;
p:(0.536487,0.210373),h:0,n:0,cr:0;
p:(0.510817,0.221829),h:0,n:0,cr:0;
p:(0.520483,0.161712),h:0,n:0,cr:0;
p:(0.522685,0.165421),h:0,n:0,cr:0;
p:(0.530142,0.161709),h:0,n:0,cr:0;
p:(0.518694,0.144051),h:0,n:0,cr:0;
p:(0.501198,0.156985),h:0,n:0,cr:0;
p:(0.543587,0.116323),h:0,n:0,cr:0;
p:(0.552072,0.125205),h:0,n:0,cr:0;
p:(0.555066,0.102402),h:0,n:0,cr:0;
p:(0.579483,0.22721),h:0,n:0,cr:0;
p:(0.579765,0.231516),h:0,n:0,cr:0;
p:(0.583072,0.224391),h:0,n:0,cr:0;
p:(0.583517,0.210536),h:0,n:0,cr:0;
p:(0.60279,0.230057),h:0,n:0,cr:0;
p:(0.611565,0.247006),h:0,n:0,cr:0;
p:(0.584245,0.262358),h:0,n:0,cr:0;
p:(0.601442,0.263794),h:0,n:0,cr:0;
p:(0.567128,0.279538),h:0,n:0,cr:0;
p:(0.562562,0.284848),h:0,n:0,cr:0;
p:(0.606155,0.296094),h:0,n:0,cr:0;
p:(0.595414,0.313178),h:0,n:0,cr:0;
p:(0.549998,0.328242),h:0,n:0,cr:0;
p:(0.546711,0.335),h:0,n:0,cr:0;
p:(0.539035,0.329683),h:0,n:0,cr:0;
p:(0.55597,0.341936),h:0,n:0,cr:0;
p:(0.539594,0.31631),h:0,n:0,cr:0;
p:(0.579457,0.330191),h:0,n:0,cr:0;
p:(0.590833,0.338966),h:0,n:0,cr:0;
p:(0.566563,0.318607),h:0,n:0,cr:0;
p:(0.567843,0.348265),h:0,n:0,cr:0;
p:(0.542573,0.292085),h:0,n:0,cr:0;
p:(0.512583,0.0571687),h:0,n:0,cr:0;
p:(0.513997,0.0597336),h:0,n:0,cr:0;
p:(0.5223,0.0588043),h:0,n:0,cr:0;
p:(0.523861,0.0669186),h:0,n:0,cr:0;
p:(0.535392,0.0551488),h:0,n:0,cr:0;
p:(0.51145,0.0450551),h:0,n:0,cr:0;
p:(0.51855,0.0453117),h:0,n:0,cr:0;
p:(0.496916,0.0524478),h:0,n:0,cr:0;
p:(0.519547,0.0303549),h:0,n:0,cr:0;
p:(0.53901,0.0349786),h:0,n:0,cr:0;
p:(0.542555,0.0387681),h:0,n:0,cr:0;
p:(0.532632,0.0413366),h:0,n:0,cr:0;
p:(0.551224,0.0346351),h:0,n:0,cr:0;
p:(0.484889,0.0714242),h:0,n:0,cr:0;
p:(0.486867,0.0813209),h:0,n:0,cr:0;
p:(0.501754,0.0814121),h:0,n:0,cr:0;
p:(0.504746,0.0846006),h:0,n:0,cr:0;
p:(0.487969,0.114404),h:0,n:0,cr:0;
p:(0.492907,0.116491),h:0,n:0,cr:0;
p:(0.503114,0.10326),h:0,n:0,cr:0;
p:(0.471781,0.0273534),h:0,n:0,cr:0;
p:(0.553339,0.00961252),h:0,n:0,cr:0;
p:(0.555532,0.0149373),h:0,n:0,cr:0;
p:(0.546307,0.00455368),h:0,n:0,cr:0;
p:(0.512797,0.00112034),h:0,n:0,cr:0;
p:(0.512189,0.0142251),h:0,n:0,cr:0;
p:(0.375442,0.0407841),h:0,n:0,cr:0;
p:(0.375593,0.0488978),h:0,n:0,cr:0;
p:(0.386356,0.0483038),h:0,n:0,cr:0;
p:(0.370483,0.0651349),h:0,n:0,cr:0;
p:(0.377747,0.0659864),h:0,n:0,cr:0;
p:(0.356746,0.0575708),h:0,n:0,cr:0;
p:(0.392286,0.0783343),h:0,n:0,cr:0;
p:(0.394942,0.0793283),h:0,n:0,cr:0;
p:(0.386447,0.0668255),h:0,n:0,cr:0;
p:(0.399912,0.095099),h:0,n:0,cr:0;
p:(0.410655,0.0744444),h:0,n:0,cr:0;
p:(0.42383,0.0274076),h:0,n:0,cr:0;
p:(0.410763,0.0379182),h:0,n:0,cr:0;
p:(0.445562,0.0276476),h:0,n:0,cr:0;
p:(0.396396,0.022159),h:0,n:0,cr:0;
p:(0.393056,0.0296798),h:0,n:0,cr:0;
p:(0.415355,0.0545166),h:0,n:0,cr:0;
p:(0.409053,0.0604799),h:0,n:0,cr:0;
p:(0.424511,0.0651671),h:0,n:0,cr:0;
p:(0.366155,0.0101791),h:0,n:0,cr:0;
p:(0.370085,0.0110505),h:0,n:0,cr:0;
p:(0.359797,0.00162568),h:0,n:0,cr:0;
p:(0.373541,0.0254913),h:0,n:0,cr:0;
p:(0.357355,0.0285371),h:0,n:0,cr:0;
p:(0.327238,0.0128554),h:0,n:0,cr:0;
p:(0.33021,0.0138946),h:0,n:0,cr:0;
p:(0.322344,0.0172468),h:0,n:0,cr:0;
p:(0.323055,0.000461194),h:0,n:0,cr:0;
p:(0.314778,0.00775226),h:0,n:0,cr:0;
p:(0.337943,0.00501362),h:0,n:0,cr:0;
p:(0.312438,0.0270625),h:0,n:0,cr:0;
p:(0.329255,0.0384045),h:0,n:0,cr:0;
p:(0.292863,0.0480772),h:0,n:0,cr:0;
p:(0.303432,0.0592965),h:0,n:0,cr:0;
p:(0.281438,0.0328904),h:0,n:0,cr:0;
p:(0.269022,0.0508324),h:0,n:0,cr:0;
p:(0.273922,0.00369893),h:0,n:0,cr:0;
p:(0.264292,0.00457618),h:0,n:0,cr:0;
p:(0.275494,0.0181228),h:0,n:0,cr:0;
p:(0.289313,0.00835674),h:0,n:0,cr:0;
p:(0.248662,0.0105439),h:0,n:0,cr:0;
p:(0.238289,0.0223621),h:0,n:0,cr:0;
p:(0.253264,0.0279502),h:0,n:0,cr:0;
p:(0.225292,0.0393802),h:0,n:0,cr:0;
p:(0.236191,0.0442557),h:0,n:0,cr:0;
p:(0.199971,0.0206988),h:0,n:0,cr:0;
p:(0.214671,0.0563416),h:0,n:0,cr:0;
p:(0.224801,0.0614467),h:0,n:0,cr:0;
p:(0.202148,0.0629915),h:0,n:0,cr:0;
p:(0.19661,0.0718841),h:0,n:0,cr:0;
p:(0.180553,0.0668425),h:0,n:0,cr:0;
p:(0.277903,0.128188),h:0,n:0,cr:0;
p:(0.267259,0.130586),h:0,n:0,cr:0;
p:(0.293399,0.12894),h:0,n:0,cr:0;
p:(0.298206,0.144104),h:0,n:0,cr:0;
p:(0.311304,0.145513),h:0,n:0,cr:0;
p:(0.253493,0.136927),h:0,n:0,cr:0;
p:(0.253559,0.140084),h:0,n:0,cr:0;
p:(0.255372,0.143539),h:0,n:0,cr:0;
p:(0.276909,0.0763509),h:0,n:0,cr:0;
p:(0.292913,0.0763844),h:0,n:0,cr:0;
p:(0.248942,0.0861258),h:0,n:0,cr:0;
p:(0.233942,0.107239),h:0,n:0,cr:0;
p:(0.335523,0.0792804),h:0,n:0,cr:0;
p:(0.335991,0.0826595),h:0,n:0,cr:0;
p:(0.344015,0.086183),h:0,n:0,cr:0;
p:(0.316567,0.0815011),h:0,n:0,cr:0;
p:(0.32158,0.0985248),h:0,n:0,cr:0;
p:(0.363348,0.0917636),h:0,n:0,cr:0;
p:(0.372294,0.0946941),h:0,n:0,cr:0;
p:(0.716327,0.844454),h:0,n:0,cr:0;
p:(0.717767,0.850731),h:0,n:0,cr:0;
p:(0.716589,0.859692),h:0,n:0,cr:0;
p:(0.714251,0.861123),h:0,n:0,cr:0;
p:(0.733586,0.843169),h:0,n:0,cr:0;
p:(0.728876,0.850877),h:0,n:0,cr:0;
p:(0.733369,0.858856),h:0,n:0,cr:0;
p:(0.759695,0.853017),h:0,n:0,cr:0;
p:(0.77065,0.856357),h:0,n:0,cr:0;
p:(0.778518,0.864937),h:0,n:0,cr:0;
p:(0.748137,0.872354),h:0,n:0,cr:0;
p:(0.731957,0.884471),h:0,n:0,cr:0;
p:(0.755369,0.828889),h:0,n:0,cr:0;
p:(0.711477,0.907215),h:0,n:0,cr:0;
p:(0.718078,0.910442),h:0,n:0,cr:0;
p:(0.703837,0.905189),h:0,n:0,cr:0;
p:(0.727049,0.910527),h:0,n:0,cr:0;
p:(0.697674,0.885885),h:0,n:0,cr:0;
p:(0.690603,0.888989),h:0,n:0,cr:0;
p:(0.673348,0.901892),h:0,n:0,cr:0;
p:(0.793347,0.805141),h:0,n:0,cr:0;
p:(0.793372,0.800854),h:0,n:0,cr:0;
p:(0.779742,0.798299),h:0,n:0,cr:0;
p:(0.810894,0.801964),h:0,n:0,cr:0;
p:(0.815433,0.818141),h:0,n:0,cr:0;
p:(0.763763,0.799853),h:0,n:0,cr:0;
p:(0.77041,0.800421),h:0,n:0,cr:0;
p:(0.773625,0.816862),h:0,n:0,cr:0;
p:(0.803902,0.777418),h:0,n:0,cr:0;
p:(0.79635,0.781415),h:0,n:0,cr:0;
p:(0.8056,0.84547),h:0,n:0,cr:0;
p:(0.791924,0.887199),h:0,n:0,cr:0;
p:(0.662156,0.818326),h:0,n:0,cr:0;
p:(0.662579,0.822278),h:0,n:0,cr:0;
p:(0.668957,0.810214),h:0,n:0,cr:0;
p:(0.66526,0.831369),h:0,n:0,cr:0;
p:(0.670913,0.840666),h:0,n:0,cr:0;
p:(0.679389,0.828477),h:0,n:0,cr:0;
p:(0.652875,0.842984),h:0,n:0,cr:0;
p:(0.680781,0.854283),h:0,n:0,cr:0;
p:(0.694638,0.854356),h:0,n:0,cr:0;
p:(0.664307,0.855388),h:0,n:0,cr:0;
p:(0.649374,0.802146),h:0,n:0,cr:0;
p:(0.6447,0.806896),h:0,n:0,cr:0;
p:(0.659557,0.801979),h:0,n:0,cr:0;
p:(0.649081,0.812878),h:0,n:0,cr:0;
p:(0.637219,0.82226),h:0,n:0,cr:0;
p:(0.625481,0.825562),h:0,n:0,cr:0;
p:(0.645518,0.832221),h:0,n:0,cr:0;
p:(0.66394,0.75524),h:0,n:0,cr:0;
p:(0.676749,0.755641),h:0,n:0,cr:0;
p:(0.645678,0.753763),h:0,n:0,cr:0;
p:(0.685024,0.770709),h:0,n:0,cr:0;
p:(0.7098,0.77584),h:0,n:0,cr:0;
p:(0.682238,0.735732),h:0,n:0,cr:0;
p:(0.680263,0.737804),h:0,n:0,cr:0;
p:(0.706357,0.747094),h:0,n:0,cr:0;
p:(0.729194,0.753255),h:0,n:0,cr:0;
p:(0.797701,0.974933),h:0,n:0,cr:0;
p:(0.807238,0.996723),h:0,n:0,cr:0;
p:(0.821348,0.971693),h:0,n:0,cr:0;
p:(0.787795,0.951747),h:0,n:0,cr:0;
p:(0.781378,0.963592),h:0,n:0,cr:0;
p:(0.817033,0.933846),h:0,n:0,cr:0;
p:(0.828884,0.937852),h:0,n:0,cr:0;
p:(0.802626,0.942375),h:0,n:0,cr:0;
p:(0.805438,0.910738),h:0,n:0,cr:0;
p:(0.772072,0.910311),h:0,n:0,cr:0;
p:(0.775659,0.910682),h:0,n:0,cr:0;
p:(0.771254,0.906344),h:0,n:0,cr:0;
p:(0.786972,0.911371),h:0,n:0,cr:0;
p:(0.767712,0.934265),h:0,n:0,cr:0;
p:(0.772189,0.948729),h:0,n:0,cr:0;
p:(0.733715,0.946708),h:0,n:0,cr:0;
p:(0.735281,0.947401),h:0,n:0,cr:0;
p:(0.74813,0.964122),h:0,n:0,cr:0;
p:(0.746163,0.966789),h:0,n:0,cr:0;
p:(0.761374,0.973397),h:0,n:0,cr:0;
p:(0.768249,0.975135),h:0,n:0,cr:0;
p:(0.767619,0.992293),h:0,n:0,cr:0;
p:(0.739745,0.982478),h:0,n:0,cr:0;
p:(0.744934,0.995398),h:0,n:0,cr:0;
p:(0.72853,0.99088),h:0,n:0,cr:0;
p:(0.00518948,0.904269),h:0,n:0,cr:0;
p:(0.00319551,0.911503),h:0,n:0,cr:0;
p:(0.00333791,0.893101),h:0,n:0,cr:0;
p:(0.0274707,0.917683),h:0,n:0,cr:0;
p:(0.0272621,0.925203),h:0,n:0,cr:0;
p:(0.00640378,0.932969),h:0,n:0,cr:0;
p:(0.0218229,0.940604),h:0,n:0,cr:0;
p:(0.0531876,0.889739),h:0,n:0,cr:0;
p:(0.0594975,0.895899),h:0,n:0,cr:0;
p:(0.059764,0.90846),h:0,n:0,cr:0;
p:(0.0378031,0.870726),h:0,n:0,cr:0;
p:(0.0268293,0.888616),h:0,n:0,cr:0;
p:(0.0255701,0.998522),h:0,n:0,cr:0;
p:(0.0233614,0.999968),h:0,n:0,cr:0;
p:(0.0252657,0.992378),h:0,n:0,cr:0;
p:(0.00776243,0.978468),h:0,n:0,cr:0;
p:(0.0196028,0.979814),h:0,n:0,cr:0;
p:(0.0290886,0.957187),h:0,n:0,cr:0;
p:(0.065668,0.982818),h:0,n:0,cr:0;
p:(0.0665984,0.986115),h:0,n:0,cr:0;
p:(0.0690325,0.978302),h:0,n:0,cr:0;
p:(0.0571376,0.976124),h:0,n:0,cr:0;
p:(0.0456366,0.979575),h:0,n:0,cr:0;
p:(0.0456487,0.98751),h:0,n:0,cr:0;
p:(0.0646781,0.940351),h:0,n:0,cr:0;
p:(0.060473,0.945253),h:0,n:0,cr:0;
p:(0.0696288,0.955666),h:0,n:0,cr:0;
p:(0.0428521,0.933908),h:0,n:0,cr:0;
p:(0.109854,0.977236),h:0,n:0,cr:0;
p:(0.114286,0.985474),h:0,n:0,cr:0;
p:(0.0991249,0.972383),h:0,n:0,cr:0;
p:(0.128586,0.960293),h:0,n:0,cr:0;
p:(0.0984566,0.954665),h:0,n:0,cr:0;
p:(0.102324,0.957269),h:0,n:0,cr:0;
p:(0.0886967,0.956775),h:0,n:0,cr:0;
p:(0.0111255,0.810498),h:0,n:0,cr:0;
p:(0.00485856,0.810499),h:0,n:0,cr:0;
p:(0.0224181,0.812826),h:0,n:0,cr:0;
p:(0.0105638,0.829247),h:0,n:0,cr:0;
p:(0.00901396,0.839057),h:0,n:0,cr:0;
p:(0.0303827,0.834911),h:0,n:0,cr:0;
p:(0.0350828,0.836448),h:0,n:0,cr:0;
p:(0.0424834,0.842273),h:0,n:0,cr:0;
p:(0.00685169,0.865944),h:0,n:0,cr:0;
p:(0.114259,0.826695),h:0,n:0,cr:0;
p:(0.118675,0.837501),h:0,n:0,cr:0;
p:(0.106073,0.836974),h:0,n:0,cr:0;
p:(0.102155,0.838443),h:0,n:0,cr:0;
p:(0.0976189,0.849621),h:0,n:0,cr:0;
p:(0.0968454,0.850316),h:0,n:0,cr:0;
p:(0.0893877,0.846177),h:0,n:0,cr:0;
p:(0.112894,0.85726),h:0,n:0,cr:0;
p:(0.11981,0.811053),h:0,n:0,cr:0;
p:(0.100169,0.816963),h:0,n:0,cr:0;
p:(0.137881,0.821986),h:0,n:0,cr:0;
p:(0.129155,0.825181),h:0,n:0,cr:0;
p:(0.105186,0.795599),h:0,n:0,cr:0;
p:(0.105685,0.804037),h:0,n:0,cr:0;
p:(0.109379,0.77904),h:0,n:0,cr:0;
p:(0.0703285,0.839394),h:0,n:0,cr:0;
p:(0.0601296,0.843123),h:0,n:0,cr:0;
p:(0.0772605,0.818916),h:0,n:0,cr:0;
p:(0.0726759,0.862806),h:0,n:0,cr:0;
p:(0.0653648,0.870536),h:0,n:0,cr:0;
p:(0.149779,0.905377),h:0,n:0,cr:0;
p:(0.159121,0.909545),h:0,n:0,cr:0;
p:(0.139005,0.885372),h:0,n:0,cr:0;
p:(0.120365,0.918121),h:0,n:0,cr:0;
p:(0.152843,0.938116),h:0,n:0,cr:0;
p:(0.155789,0.940058),h:0,n:0,cr:0;
p:(0.159621,0.95448),h:0,n:0,cr:0;
p:(0.183868,0.88549),h:0,n:0,cr:0;
p:(0.153633,0.833308),h:0,n:0,cr:0;
p:(0.161621,0.837893),h:0,n:0,cr:0;
p:(0.167738,0.82759),h:0,n:0,cr:0;
p:(0.1602,0.856142),h:0,n:0,cr:0;
p:(0.161931,0.865361),h:0,n:0,cr:0;
p:(0.196447,0.851754),h:0,n:0,cr:0;
p:(0.0945251,0.87999),h:0,n:0,cr:0;
p:(0.0980053,0.889818),h:0,n:0,cr:0;
p:(0.109384,0.88309),h:0,n:0,cr:0;
p:(0.101243,0.904872),h:0,n:0,cr:0;
p:(0.149204,0.79122),h:0,n:0,cr:0;
p:(0.159076,0.796777),h:0,n:0,cr:0;
p:(0.126376,0.786141),h:0,n:0,cr:0;
p:(0.174929,0.790038),h:0,n:0,cr:0;
p:(0.183146,0.799177),h:0,n:0,cr:0;
p:(0.944497,0.679729),h:0,n:0,cr:0;
p:(0.943091,0.684881),h:0,n:0,cr:0;
p:(0.949249,0.683453),h:0,n:0,cr:0;
p:(0.947763,0.698199),h:0,n:0,cr:0;
p:(0.948168,0.701533),h:0,n:0,cr:0;
p:(0.948589,0.649353),h:0,n:0,cr:0;
p:(0.951327,0.657063),h:0,n:0,cr:0;
p:(0.929936,0.661476),h:0,n:0,cr:0;
p:(0.992632,0.655855),h:0,n:0,cr:0;
p:(0.997381,0.665825),h:0,n:0,cr:0;
p:(0.973809,0.656992),h:0,n:0,cr:0;
p:(0.999083,0.624502),h:0,n:0,cr:0;
p:(0.962218,0.621335),h:0,n:0,cr:0;
p:(0.970722,0.622919),h:0,n:0,cr:0;
p:(0.953319,0.62883),h:0,n:0,cr:0;
p:(0.927699,0.604598),h:0,n:0,cr:0;
p:(0.935942,0.625397),h:0,n:0,cr:0;
p:(0.889703,0.640015),h:0,n:0,cr:0;
p:(0.894893,0.645881),h:0,n:0,cr:0;
p:(0.867852,0.650265),h:0,n:0,cr:0;
p:(0.853502,0.659606),h:0,n:0,cr:0;
p:(0.880825,0.675547),h:0,n:0,cr:0;
p:(0.872049,0.676813),h:0,n:0,cr:0;
p:(0.901022,0.667102),h:0,n:0,cr:0;
p:(0.846609,0.686328),h:0,n:0,cr:0;
p:(0.911594,0.689358),h:0,n:0,cr:0;
p:(0.90968,0.698002),h:0,n:0,cr:0;
p:(0.922693,0.68718),h:0,n:0,cr:0;
p:(0.894171,0.690242),h:0,n:0,cr:0;
p:(0.873622,0.711406),h:0,n:0,cr:0;
p:(0.866209,0.72182),h:0,n:0,cr:0;
p:(0.982275,0.687696),h:0,n:0,cr:0;
p:(0.977204,0.688063),h:0,n:0,cr:0;
p:(0.985698,0.680213),h:0,n:0,cr:0;
p:(0.98373,0.7047),h:0,n:0,cr:0;
p:(0.994051,0.710679),h:0,n:0,cr:0;
p:(0.985278,0.722211),h:0,n:0,cr:0;
p:(0.983466,0.725717),h:0,n:0,cr:0;
p:(0.967491,0.71587),h:0,n:0,cr:0;
p:(0.96556,0.732972),h:0,n:0,cr:0;
p:(0.928637,0.710422),h:0,n:0,cr:0;
p:(0.922759,0.715919),h:0,n:0,cr:0;
p:(0.933949,0.698624),h:0,n:0,cr:0;
p:(0.947922,0.722952),h:0,n:0,cr:0;
p:(0.945576,0.723007),h:0,n:0,cr:0;
p:(0.937978,0.73887),h:0,n:0,cr:0;
p:(0.985892,0.753452),h:0,n:0,cr:0;
p:(0.999367,0.781118),h:0,n:0,cr:0;
p:(0.944341,0.771138),h:0,n:0,cr:0;
p:(0.947483,0.772136),h:0,n:0,cr:0;
p:(0.938996,0.781796),h:0,n:0,cr:0;
p:(0.866189,0.740612),h:0,n:0,cr:0;
p:(0.863561,0.741027),h:0,n:0,cr:0;
p:(0.865259,0.750776),h:0,n:0,cr:0;
p:(0.882721,0.747613),h:0,n:0,cr:0;
p:(0.879997,0.75415),h:0,n:0,cr:0;
p:(0.88702,0.739744),h:0,n:0,cr:0;
p:(0.918785,0.760848),h:0,n:0,cr:0;
p:(0.919523,0.763459),h:0,n:0,cr:0;
p:(0.90967,0.765068),h:0,n:0,cr:0;
p:(0.909799,0.773651),h:0,n:0,cr:0;
p:(0.847839,0.766922),h:0,n:0,cr:0;
p:(0.843663,0.77328),h:0,n:0,cr:0;
p:(0.867654,0.776772),h:0,n:0,cr:0;
p:(0.854326,0.78878),h:0,n:0,cr:0;
p:(0.883796,0.796787),h:0,n:0,cr:0;
p:(0.887786,0.809092),h:0,n:0,cr:0;
p:(0.864765,0.807532),h:0,n:0,cr:0;
p:(0.866698,0.822376),h:0,n:0,cr:0;
p:(0.831948,0.803024),h:0,n:0,cr:0;
p:(0.843451,0.811163),h:0,n:0,cr:0;
p:(0.748807,0.679986),h:0,n:0,cr:0;
p:(0.747789,0.68275),h:0,n:0,cr:0;
p:(0.750622,0.686842),h:0,n:0,cr:0;
p:(0.764711,0.683882),h:0,n:0,cr:0;
p:(0.769256,0.691975),h:0,n:0,cr:0;
p:(0.762278,0.672235),h:0,n:0,cr:0;
p:(0.783489,0.683847),h:0,n:0,cr:0;
p:(0.78737,0.687256),h:0,n:0,cr:0;
p:(0.78618,0.675095),h:0,n:0,cr:0;
p:(0.80079,0.68938),h:0,n:0,cr:0;
p:(0.811062,0.689582),h:0,n:0,cr:0;
p:(0.819091,0.707413),h:0,n:0,cr:0;
p:(0.804717,0.625725),h:0,n:0,cr:0;
p:(0.809053,0.627019),h:0,n:0,cr:0;
p:(0.803842,0.630729),h:0,n:0,cr:0;
p:(0.795405,0.638977),h:0,n:0,cr:0;
p:(0.804826,0.648198),h:0,n:0,cr:0;
p:(0.824807,0.643313),h:0,n:0,cr:0;
p:(0.833595,0.645412),h:0,n:0,cr:0;
p:(0.812855,0.664799),h:0,n:0,cr:0;
p:(0.782709,0.661191),h:0,n:0,cr:0;
p:(0.792699,0.744916),h:0,n:0,cr:0;
p:(0.797365,0.746904),h:0,n:0,cr:0;
p:(0.797518,0.759455),h:0,n:0,cr:0;
p:(0.818208,0.749984),h:0,n:0,cr:0;
p:(0.81531,0.751918),h:0,n:0,cr:0;
p:(0.814124,0.747365),h:0,n:0,cr:0;
p:(0.810857,0.732375),h:0,n:0,cr:0;
p:(0.767147,0.732328),h:0,n:0,cr:0;
p:(0.758663,0.734237),h:0,n:0,cr:0;
p:(0.776352,0.745098),h:0,n:0,cr:0;
p:(0.781277,0.747423),h:0,n:0,cr:0;
p:(0.744668,0.734136),h:0,n:0,cr:0;
p:(0.724981,0.770841),h:0,n:0,cr:0;
p:(0.729739,0.777791),h:0,n:0,cr:0;
p:(0.740642,0.772071),h:0,n:0,cr:0;
p:(0.739321,0.77881),h:0,n:0,cr:0;
p:(0.741486,0.792148),h:0,n:0,cr:0;
p:(0.856292,0.966697),h:0,n:0,cr:0;
p:(0.859316,0.976047),h:0,n:0,cr:0;
p:(0.847057,0.975588),h:0,n:0,cr:0;
p:(0.851811,0.979668),h:0,n:0,cr:0;
p:(0.861286,0.988188),h:0,n:0,cr:0;
p:(0.880612,0.969685),h:0,n:0,cr:0;
p:(0.878796,0.97155),h:0,n:0,cr:0;
p:(0.882203,0.980315),h:0,n:0,cr:0;
p:(0.839636,0.956297),h:0,n:0,cr:0;
p:(0.874807,0.931066),h:0,n:0,cr:0;
p:(0.886452,0.93768),h:0,n:0,cr:0;
p:(0.86637,0.945208),h:0,n:0,cr:0;
p:(0.868658,0.958361),h:0,n:0,cr:0;
p:(0.900512,0.922824),h:0,n:0,cr:0;
p:(0.904265,0.924551),h:0,n:0,cr:0;
p:(0.909491,0.932238),h:0,n:0,cr:0;
p:(0.907942,0.939406),h:0,n:0,cr:0;
p:(0.922985,0.928456),h:0,n:0,cr:0;
p:(0.913258,0.915683),h:0,n:0,cr:0;
p:(0.911279,0.947028),h:0,n:0,cr:0;
p:(0.9072,0.950525),h:0,n:0,cr:0;
p:(0.909616,0.955593),h:0,n:0,cr:0;
p:(0.907715,0.962174),h:0,n:0,cr:0;
p:(0.859033,0.87947),h:0,n:0,cr:0;
p:(0.85835,0.880753),h:0,n:0,cr:0;
p:(0.858354,0.88834),h:0,n:0,cr:0;
p:(0.849052,0.86391),h:0,n:0,cr:0;
p:(0.837212,0.894331),h:0,n:0,cr:0;
p:(0.841274,0.900196),h:0,n:0,cr:0;
p:(0.891968,0.881077),h:0,n:0,cr:0;
p:(0.894185,0.893747),h:0,n:0,cr:0;
p:(0.877548,0.877726),h:0,n:0,cr:0;
p:(0.881101,0.902755),h:0,n:0,cr:0;
p:(0.949938,0.953472),h:0,n:0,cr:0;
p:(0.961723,0.965434),h:0,n:0,cr:0;
p:(0.96909,0.930461),h:0,n:0,cr:0;
p:(0.939267,0.988155),h:0,n:0,cr:0;
p:(0.92358,0.798414),h:0,n:0,cr:0;
p:(0.928549,0.799073),h:0,n:0,cr:0;
p:(0.914424,0.813521),h:0,n:0,cr:0;
p:(0.91284,0.821503),h:0,n:0,cr:0;
p:(0.905583,0.838685),h:0,n:0,cr:0;
p:(0.893227,0.843347),h:0,n:0,cr:0;
p:(0.942283,0.834873),h:0,n:0,cr:0;
p:(0.930096,0.83767),h:0,n:0,cr:0;
p:(0.940569,0.820418),h:0,n:0,cr:0;
p:(0.957541,0.857328),h:0,n:0,cr:0;
p:(0.952436,0.861781),h:0,n:0,cr:0;
p:(0.947831,0.850196),h:0,n:0,cr:0;
p:(0.982497,0.811141),h:0,n:0,cr:0;
p:(0.973006,0.814594),h:0,n:0,cr:0;
p:(0.944069,0.898918),h:0,n:0,cr:0;
p:(0.93989,0.902784),h:0,n:0,cr:0;
p:(0.941126,0.887978),h:0,n:0,cr:0;
p:(0.929376,0.90589),h:0,n:0,cr:0;
p:(0.938505,0.924036),h:0,n:0,cr:0;
p:(0.963105,0.889853),h:0,n:0,cr:0;
p:(0.96372,0.894498),h:0,n:0,cr:0;
p:(0.957078,0.883105),h:0,n:0,cr:0;
p:(0.977303,0.881388),h:0,n:0,cr:0;
p:(0.993183,0.885998),h:0,n:0,cr:0;
p:(0.986845,0.895256),h:0,n:0,cr:0;
p:(0.999541,0.873322),h:0,n:0,cr:0;
p:(0.995125,0.913625),h:0,n:0,cr:0;
p:(0.990009,0.930414),h:0,n:0,cr:0;
p:(0.612435,0.877626),h:0,n:0,cr:0;
p:(0.600048,0.880937),h:0,n:0,cr:0;
p:(0.613006,0.894311),h:0,n:0,cr:0;
p:(0.618112,0.854692),h:0,n:0,cr:0;
p:(0.592917,0.856649),h:0,n:0,cr:0;
p:(0.584417,0.862432),h:0,n:0,cr:0;
p:(0.605538,0.860887),h:0,n:0,cr:0;
p:(0.585043,0.905095),h:0,n:0,cr:0;
p:(0.639315,0.894235),h:0,n:0,cr:0;
p:(0.637237,0.895169),h:0,n:0,cr:0;
p:(0.645139,0.877879),h:0,n:0,cr:0;
p:(0.629455,0.926782),h:0,n:0,cr:0;
p:(0.635637,0.930154),h:0,n:0,cr:0;
p:(0.606021,0.918867),h:0,n:0,cr:0;
p:(0.562277,0.86605),h:0,n:0,cr:0;
p:(0.57168,0.870222),h:0,n:0,cr:0;
p:(0.54883,0.884328),h:0,n:0,cr:0;
p:(0.552175,0.885148),h:0,n:0,cr:0;
p:(0.531889,0.861294),h:0,n:0,cr:0;
p:(0.563598,0.929001),h:0,n:0,cr:0;
p:(0.566818,0.935021),h:0,n:0,cr:0;
p:(0.572119,0.926342),h:0,n:0,cr:0;
p:(0.576646,0.934775),h:0,n:0,cr:0;
p:(0.561976,0.95798),h:0,n:0,cr:0;
p:(0.561564,0.969408),h:0,n:0,cr:0;
p:(0.546835,0.953853),h:0,n:0,cr:0;
p:(0.581337,0.959433),h:0,n:0,cr:0;
p:(0.593374,0.818906),h:0,n:0,cr:0;
p:(0.594504,0.820012),h:0,n:0,cr:0;
p:(0.600116,0.816117),h:0,n:0,cr:0;
p:(0.586095,0.82343),h:0,n:0,cr:0;
p:(0.583258,0.825254),h:0,n:0,cr:0;
p:(0.592731,0.808995),h:0,n:0,cr:0;
p:(0.588097,0.837021),h:0,n:0,cr:0;
p:(0.574327,0.832526),h:0,n:0,cr:0;
p:(0.568482,0.836554),h:0,n:0,cr:0;
p:(0.561591,0.83132),h:0,n:0,cr:0;
p:(0.564064,0.805854),h:0,n:0,cr:0;
p:(0.559874,0.806712),h:0,n:0,cr:0;
p:(0.566553,0.800246),h:0,n:0,cr:0;
p:(0.48575,0.975798),h:0,n:0,cr:0;
p:(0.488751,0.977392),h:0,n:0,cr:0;
p:(0.474352,0.992343),h:0,n:0,cr:0;
p:(0.502945,0.990251),h:0,n:0,cr:0;
p:(0.505521,0.995567),h:0,n:0,cr:0;
p:(0.492208,0.985999),h:0,n:0,cr:0;
p:(0.687851,0.960149),h:0,n:0,cr:0;
p:(0.693953,0.962598),h:0,n:0,cr:0;
p:(0.677413,0.959243),h:0,n:0,cr:0;
p:(0.684229,0.947861),h:0,n:0,cr:0;
p:(0.67998,0.977611),h:0,n:0,cr:0;
p:(0.654401,0.948764),h:0,n:0,cr:0;
p:(0.698371,0.942831),h:0,n:0,cr:0;
p:(0.631398,0.975997),h:0,n:0,cr:0;
p:(0.606736,0.988126),h:0,n:0,cr:0;
p:(0.451743,0.691362),h:0,n:0,cr:0;
p:(0.445579,0.697445),h:0,n:0,cr:0;
p:(0.45993,0.698603),h:0,n:0,cr:0;
p:(0.458012,0.68025),h:0,n:0,cr:0;
p:(0.436496,0.698774),h:0,n:0,cr:0;
p:(0.432782,0.674933),h:0,n:0,cr:0;
p:(0.436416,0.675345),h:0,n:0,cr:0;
p:(0.434938,0.655545),h:0,n:0,cr:0;
p:(0.394494,0.683531),h:0,n:0,cr:0;
p:(0.401432,0.686202),h:0,n:0,cr:0;
p:(0.382306,0.687478),h:0,n:0,cr:0;
p:(0.402886,0.670426),h:0,n:0,cr:0;
p:(0.41332,0.684201),h:0,n:0,cr:0;
p:(0.399277,0.703499),h:0,n:0,cr:0;
p:(0.410038,0.706652),h:0,n:0,cr:0;
p:(0.423809,0.716683),h:0,n:0,cr:0;
p:(0.427651,0.736879),h:0,n:0,cr:0;
p:(0.356905,0.628242),h:0,n:0,cr:0;
p:(0.364541,0.628245),h:0,n:0,cr:0;
p:(0.3488,0.619367),h:0,n:0,cr:0;
p:(0.367127,0.638501),h:0,n:0,cr:0;
p:(0.376093,0.645833),h:0,n:0,cr:0;
p:(0.375644,0.627446),h:0,n:0,cr:0;
p:(0.396039,0.623778),h:0,n:0,cr:0;
p:(0.422494,0.633265),h:0,n:0,cr:0;
p:(0.33371,0.617797),h:0,n:0,cr:0;
p:(0.331663,0.668286),h:0,n:0,cr:0;
p:(0.328924,0.669854),h:0,n:0,cr:0;
p:(0.343095,0.669489),h:0,n:0,cr:0;
p:(0.317692,0.670804),h:0,n:0,cr:0;
p:(0.344291,0.682696),h:0,n:0,cr:0;
p:(0.337876,0.695628),h:0,n:0,cr:0;
p:(0.347549,0.649574),h:0,n:0,cr:0;
p:(0.30418,0.644775),h:0,n:0,cr:0;
p:(0.30485,0.655219),h:0,n:0,cr:0;
p:(0.276674,0.661129),h:0,n:0,cr:0;
p:(0.313233,0.700843),h:0,n:0,cr:0;
p:(0.325426,0.705597),h:0,n:0,cr:0;
p:(0.314538,0.687622),h:0,n:0,cr:0;
p:(0.284533,0.706676),h:0,n:0,cr:0;
p:(0.286183,0.7066),h:0,n:0,cr:0;
p:(0.292746,0.714964),h:0,n:0,cr:0;
p:(0.395065,0.763253),h:0,n:0,cr:0;
p:(0.399237,0.772817),h:0,n:0,cr:0;
p:(0.392433,0.744992),h:0,n:0,cr:0;
p:(0.371052,0.76909),h:0,n:0,cr:0;
p:(0.36744,0.777836),h:0,n:0,cr:0;
p:(0.378557,0.759961),h:0,n:0,cr:0;
p:(0.361022,0.698347),h:0,n:0,cr:0;
p:(0.374173,0.705189),h:0,n:0,cr:0;
p:(0.346195,0.714947),h:0,n:0,cr:0;
p:(0.371037,0.728168),h:0,n:0,cr:0;
p:(0.369673,0.739941),h:0,n:0,cr:0;
p:(0.324962,0.750853),h:0,n:0,cr:0;
p:(0.334359,0.753794),h:0,n:0,cr:0;
p:(0.321534,0.770355),h:0,n:0,cr:0;
p:(0.334575,0.770627),h:0,n:0,cr:0;
p:(0.341084,0.782755),h:0,n:0,cr:0;
p:(0.301606,0.795831),h:0,n:0,cr:0;
p:(0.317303,0.808978),h:0,n:0,cr:0;
p:(0.281392,0.518635),h:0,n:0,cr:0;
p:(0.283274,0.526803),h:0,n:0,cr:0;
p:(0.289084,0.512155),h:0,n:0,cr:0;
p:(0.274344,0.528627),h:0,n:0,cr:0;
p:(0.2785,0.499201),h:0,n:0,cr:0;
p:(0.272835,0.508012),h:0,n:0,cr:0;
p:(0.260555,0.497288),h:0,n:0,cr:0;
p:(0.238622,0.506672),h:0,n:0,cr:0;
p:(0.230516,0.507442),h:0,n:0,cr:0;
p:(0.240528,0.517403),h:0,n:0,cr:0;
p:(0.253565,0.513678),h:0,n:0,cr:0;
p:(0.248723,0.520889),h:0,n:0,cr:0;
p:(0.276073,0.463226),h:0,n:0,cr:0;
p:(0.27185,0.467184),h:0,n:0,cr:0;
p:(0.283766,0.467497),h:0,n:0,cr:0;
p:(0.289528,0.457103),h:0,n:0,cr:0;
p:(0.258032,0.471931),h:0,n:0,cr:0;
p:(0.233929,0.474451),h:0,n:0,cr:0;
p:(0.261401,0.575997),h:0,n:0,cr:0;
p:(0.254811,0.582154),h:0,n:0,cr:0;
p:(0.277145,0.569839),h:0,n:0,cr:0;
p:(0.237548,0.569521),h:0,n:0,cr:0;
p:(0.237094,0.571035),h:0,n:0,cr:0;
p:(0.297502,0.578871),h:0,n:0,cr:0;
p:(0.29428,0.585035),h:0,n:0,cr:0;
p:(0.292577,0.56025),h:0,n:0,cr:0;
p:(0.289862,0.598284),h:0,n:0,cr:0;
p:(0.308195,0.601173),h:0,n:0,cr:0;
p:(0.322023,0.512315),h:0,n:0,cr:0;
p:(0.316507,0.52315),h:0,n:0,cr:0;
p:(0.338789,0.514401),h:0,n:0,cr:0;
p:(0.342059,0.516812),h:0,n:0,cr:0;
p:(0.311208,0.5409),h:0,n:0,cr:0;
p:(0.312649,0.543741),h:0,n:0,cr:0;
p:(0.327076,0.54579),h:0,n:0,cr:0;
p:(0.356287,0.49593),h:0,n:0,cr:0;
p:(0.365323,0.507313),h:0,n:0,cr:0;
p:(0.391232,0.503049),h:0,n:0,cr:0;
p:(0.39834,0.508465),h:0,n:0,cr:0;
p:(0.368092,0.559703),h:0,n:0,cr:0;
p:(0.368486,0.568664),h:0,n:0,cr:0;
p:(0.357682,0.566077),h:0,n:0,cr:0;
p:(0.39319,0.561771),h:0,n:0,cr:0;
p:(0.348136,0.542134),h:0,n:0,cr:0;
p:(0.346394,0.553232),h:0,n:0,cr:0;
p:(0.363239,0.528297),h:0,n:0,cr:0;
p:(0.33531,0.571219),h:0,n:0,cr:0;
p:(0.333177,0.588118),h:0,n:0,cr:0;
p:(0.893006,0.579292),h:0,n:0,cr:0;
p:(0.900241,0.583322),h:0,n:0,cr:0;
p:(0.882015,0.579699),h:0,n:0,cr:0;
p:(0.883092,0.581643),h:0,n:0,cr:0;
p:(0.906065,0.571371),h:0,n:0,cr:0;
p:(0.881019,0.564734),h:0,n:0,cr:0;
p:(0.89783,0.605793),h:0,n:0,cr:0;
p:(0.903705,0.608971),h:0,n:0,cr:0;
p:(0.877314,0.606002),h:0,n:0,cr:0;
p:(0.862457,0.589079),h:0,n:0,cr:0;
p:(0.866801,0.599377),h:0,n:0,cr:0;
p:(0.860581,0.574504),h:0,n:0,cr:0;
p:(0.863741,0.532816),h:0,n:0,cr:0;
p:(0.856746,0.536812),h:0,n:0,cr:0;
p:(0.869986,0.540341),h:0,n:0,cr:0;
p:(0.881687,0.54366),h:0,n:0,cr:0;
p:(0.875232,0.54848),h:0,n:0,cr:0;
p:(0.879705,0.507608),h:0,n:0,cr:0;
p:(0.874123,0.513994),h:0,n:0,cr:0;
p:(0.892456,0.48904),h:0,n:0,cr:0;
p:(0.918153,0.528704),h:0,n:0,cr:0;
p:(0.921954,0.539693),h:0,n:0,cr:0;
p:(0.899147,0.53034),h:0,n:0,cr:0;
p:(0.938842,0.523054),h:0,n:0,cr:0;
p:(0.963936,0.577204),h:0,n:0,cr:0;
p:(0.964711,0.579034),h:0,n:0,cr:0;
p:(0.971693,0.584612),h:0,n:0,cr:0;
p:(0.974615,0.573355),h:0,n:0,cr:0;
p:(0.969293,0.575323),h:0,n:0,cr:0;
p:(0.987961,0.573317),h:0,n:0,cr:0;
p:(0.983792,0.551091),h:0,n:0,cr:0;
p:(0.957648,0.546277),h:0,n:0,cr:0;
p:(0.944136,0.551201),h:0,n:0,cr:0;
p:(0.946482,0.568286),h:0,n:0,cr:0;
p:(0.920116,0.560685),h:0,n:0,cr:0;
p:(0.917419,0.564463),h:0,n:0,cr:0;
p:(0.967447,0.380328),h:0,n:0,cr:0;
p:(0.963996,0.383901),h:0,n:0,cr:0;
p:(0.967154,0.403743),h:0,n:0,cr:0;
p:(0.955366,0.421069),h:0,n:0,cr:0;
p:(0.995629,0.378486),h:0,n:0,cr:0;
p:(0.929245,0.409686),h:0,n:0,cr:0;
p:(0.933687,0.416482),h:0,n:0,cr:0;
p:(0.923851,0.394924),h:0,n:0,cr:0;
p:(0.946945,0.403837),h:0,n:0,cr:0;
p:(0.996308,0.478856),h:0,n:0,cr:0;
p:(0.999023,0.480016),h:0,n:0,cr:0;
p:(0.993988,0.473373),h:0,n:0,cr:0;
p:(0.999952,0.485703),h:0,n:0,cr:0;
p:(0.997957,0.494741),h:0,n:0,cr:0;
p:(0.978114,0.457831),h:0,n:0,cr:0;
p:(0.971446,0.460952),h:0,n:0,cr:0;
p:(0.995087,0.453228),h:0,n:0,cr:0;
p:(0.958888,0.446762),h:0,n:0,cr:0;
p:(0.926811,0.457577),h:0,n:0,cr:0;
p:(0.932817,0.469363),h:0,n:0,cr:0;
p:(0.913109,0.45988),h:0,n:0,cr:0;
p:(0.929695,0.442361),h:0,n:0,cr:0;
p:(0.930478,0.448254),h:0,n:0,cr:0;
p:(0.901454,0.429986),h:0,n:0,cr:0;
p:(0.902638,0.437062),h:0,n:0,cr:0;
p:(0.889917,0.43553),h:0,n:0,cr:0;
p:(0.895352,0.438762),h:0,n:0,cr:0;
p:(0.958715,0.488029),h:0,n:0,cr:0;
p:(0.955377,0.493824),h:0,n:0,cr:0;
p:(0.967183,0.504503),h:0,n:0,cr:0;
p:(0.963924,0.511329),h:0,n:0,cr:0;
p:(0.998283,0.520899),h:0,n:0,cr:0;
p:(0.989414,0.522009),h:0,n:0,cr:0;
p:(0.0684591,0.372159),h:0,n:0,cr:0;
p:(0.0698287,0.375038),h:0,n:0,cr:0;
p:(0.0652967,0.373157),h:0,n:0,cr:0;
p:(0.0683679,0.362789),h:0,n:0,cr:0;
p:(0.0576738,0.371211),h:0,n:0,cr:0;
p:(0.0676089,0.394926),h:0,n:0,cr:0;
p:(0.0549559,0.396884),h:0,n:0,cr:0;
p:(0.0490326,0.41594),h:0,n:0,cr:0;
p:(0.06077,0.421351),h:0,n:0,cr:0;
p:(0.0312059,0.411793),h:0,n:0,cr:0;
p:(0.113687,0.370528),h:0,n:0,cr:0;
p:(0.108878,0.374191),h:0,n:0,cr:0;
p:(0.123644,0.379301),h:0,n:0,cr:0;
p:(0.121254,0.388761),h:0,n:0,cr:0;
p:(0.130454,0.398073),h:0,n:0,cr:0;
p:(0.104342,0.400219),h:0,n:0,cr:0;
p:(0.0873609,0.40217),h:0,n:0,cr:0;
p:(0.107886,0.426999),h:0,n:0,cr:0;
p:(0.0902865,0.348496),h:0,n:0,cr:0;
p:(0.0974777,0.364502),h:0,n:0,cr:0;
p:(0.110628,0.344811),h:0,n:0,cr:0;
p:(0.0965714,0.311124),h:0,n:0,cr:0;
p:(0.140732,0.340434),h:0,n:0,cr:0;
p:(0.146844,0.355627),h:0,n:0,cr:0;
p:(0.129561,0.323918),h:0,n:0,cr:0;
p:(0.00866287,0.3414),h:0,n:0,cr:0;
p:(0.0112397,0.343048),h:0,n:0,cr:0;
p:(0.000665491,0.346566),h:0,n:0,cr:0;
p:(0.0067562,0.33188),h:0,n:0,cr:0;
p:(0.0188668,0.342762),h:0,n:0,cr:0;
p:(0.017365,0.33193),h:0,n:0,cr:0;
p:(0.0249615,0.335463),h:0,n:0,cr:0;
p:(0.0137842,0.371),h:0,n:0,cr:0;
p:(0.0280403,0.374671),h:0,n:0,cr:0;
p:(0.0448753,0.335212),h:0,n:0,cr:0;
p:(0.042116,0.347813),h:0,n:0,cr:0;
p:(0.0630384,0.345823),h:0,n:0,cr:0;
p:(0.0203949,0.293603),h:0,n:0,cr:0;
p:(0.0207114,0.288449),h:0,n:0,cr:0;
p:(0.00792968,0.287355),h:0,n:0,cr:0;
p:(0.00467617,0.307781),h:0,n:0,cr:0;
p:(0.0101007,0.309701),h:0,n:0,cr:0;
p:(0.0450569,0.275577),h:0,n:0,cr:0;
p:(0.0486044,0.288685),h:0,n:0,cr:0;
p:(0.05014,0.437254),h:0,n:0,cr:0;
p:(0.0599955,0.441452),h:0,n:0,cr:0;
p:(0.0439632,0.451582),h:0,n:0,cr:0;
p:(0.0488419,0.451711),h:0,n:0,cr:0;
p:(0.026971,0.460148),h:0,n:0,cr:0;
p:(0.07122,0.441043),h:0,n:0,cr:0;
p:(0.0788941,0.450111),h:0,n:0,cr:0;
p:(0.0333259,0.48378),h:0,n:0,cr:0;
p:(0.00196125,0.489096),h:0,n:0,cr:0;
p:(0.00863259,0.439917),h:0,n:0,cr:0;
p:(0.0146562,0.44145),h:0,n:0,cr:0;
p:(0.0594936,0.228336),h:0,n:0,cr:0;
p:(0.0678947,0.229578),h:0,n:0,cr:0;
p:(0.0597312,0.237693),h:0,n:0,cr:0;
p:(0.0540717,0.214951),h:0,n:0,cr:0;
p:(0.045947,0.229859),h:0,n:0,cr:0;
p:(0.0374453,0.236172),h:0,n:0,cr:0;
p:(0.0504231,0.242514),h:0,n:0,cr:0;
p:(0.0566186,0.243159),h:0,n:0,cr:0;
p:(0.032229,0.198616),h:0,n:0,cr:0;
p:(0.0268826,0.209485),h:0,n:0,cr:0;
p:(0.0235156,0.180004),h:0,n:0,cr:0;
p:(0.0103737,0.221705),h:0,n:0,cr:0;
p:(0.00531965,0.238792),h:0,n:0,cr:0;
p:(0.00129459,0.200075),h:0,n:0,cr:0;
p:(0.0166541,0.135836),h:0,n:0,cr:0;
p:(0.0239659,0.136817),h:0,n:0,cr:0;
p:(0.00887254,0.151805),h:0,n:0,cr:0;
p:(0.00487987,0.162508),h:0,n:0,cr:0;
p:(0.00807483,0.112233),h:0,n:0,cr:0;
p:(0.365101,0.188419),h:0,n:0,cr:0;
p:(0.360688,0.18952),h:0,n:0,cr:0;
p:(0.363682,0.182841),h:0,n:0,cr:0;
p:(0.368422,0.199354),h:0,n:0,cr:0;
p:(0.376132,0.176929),h:0,n:0,cr:0;
p:(0.38666,0.19605),h:0,n:0,cr:0;
p:(0.399778,0.211816),h:0,n:0,cr:0;
p:(0.369436,0.219587),h:0,n:0,cr:0;
p:(0.374414,0.221508),h:0,n:0,cr:0;
p:(0.362378,0.222479),h:0,n:0,cr:0;
p:(0.315722,0.196322),h:0,n:0,cr:0;
p:(0.314174,0.204195),h:0,n:0,cr:0;
p:(0.332066,0.190712),h:0,n:0,cr:0;
p:(0.319133,0.168684),h:0,n:0,cr:0;
p:(0.344426,0.202814),h:0,n:0,cr:0;
p:(0.337858,0.215979),h:0,n:0,cr:0;
p:(0.352571,0.14944),h:0,n:0,cr:0;
p:(0.350153,0.150174),h:0,n:0,cr:0;
p:(0.35084,0.154231),h:0,n:0,cr:0;
p:(0.342626,0.157229),h:0,n:0,cr:0;
p:(0.374102,0.147227),h:0,n:0,cr:0;
p:(0.373248,0.154002),h:0,n:0,cr:0;
p:(0.366422,0.162977),h:0,n:0,cr:0;
p:(0.332716,0.136303),h:0,n:0,cr:0;
p:(0.329393,0.13806),h:0,n:0,cr:0;
p:(0.343856,0.128824),h:0,n:0,cr:0;
p:(0.35894,0.120437),h:0,n:0,cr:0;
p:(0.367781,0.122763),h:0,n:0,cr:0;
p:(0.395591,0.1491),h:0,n:0,cr:0;
p:(0.39674,0.165559),h:0,n:0,cr:0;
p:(0.408923,0.132964),h:0,n:0,cr:0;
p:(0.441056,0.118882),h:0,n:0,cr:0;
p:(0.437464,0.125035),h:0,n:0,cr:0;
p:(0.45055,0.11962),h:0,n:0,cr:0;
p:(0.450687,0.124155),h:0,n:0,cr:0;
p:(0.454078,0.0962044),h:0,n:0,cr:0;
p:(0.432896,0.144425),h:0,n:0,cr:0;
p:(0.425089,0.151918),h:0,n:0,cr:0;
p:(0.449055,0.152084),h:0,n:0,cr:0;
p:(0.421918,0.0991811),h:0,n:0,cr:0;
p:(0.457461,0.200961),h:0,n:0,cr:0;
p:(0.472373,0.208706),h:0,n:0,cr:0;
p:(0.445678,0.173255),h:0,n:0,cr:0;
p:(0.427285,0.201433),h:0,n:0,cr:0;
p:(0.495017,0.195403),h:0,n:0,cr:0;
p:(0.49777,0.20869),h:0,n:0,cr:0;
p:(0.471915,0.241859),h:0,n:0,cr:0;
p:(0.484851,0.257849),h:0,n:0,cr:0;
p:(0.463157,0.322191),h:0,n:0,cr:0;
p:(0.465044,0.324822),h:0,n:0,cr:0;
p:(0.459515,0.317522),h:0,n:0,cr:0;
p:(0.470876,0.316549),h:0,n:0,cr:0;
p:(0.458883,0.305521),h:0,n:0,cr:0;
p:(0.460713,0.344224),h:0,n:0,cr:0;
p:(0.477481,0.361468),h:0,n:0,cr:0;
p:(0.442076,0.295947),h:0,n:0,cr:0;
p:(0.436199,0.300456),h:0,n:0,cr:0;
p:(0.437522,0.282417),h:0,n:0,cr:0;
p:(0.431195,0.306778),h:0,n:0,cr:0;
p:(0.457132,0.281045),h:0,n:0,cr:0;
p:(0.442326,0.363025),h:0,n:0,cr:0;
p:(0.448791,0.368701),h:0,n:0,cr:0;
p:(0.455896,0.358359),h:0,n:0,cr:0;
p:(0.417443,0.370078),h:0,n:0,cr:0;
p:(0.499633,0.279833),h:0,n:0,cr:0;
p:(0.511743,0.28447),h:0,n:0,cr:0;
p:(0.486873,0.275885),h:0,n:0,cr:0;
p:(0.508497,0.26006),h:0,n:0,cr:0;
p:(0.980608,0.140878),h:0,n:0,cr:0;
p:(0.982491,0.143416),h:0,n:0,cr:0;
p:(0.986952,0.134131),h:0,n:0,cr:0;
p:(0.977418,0.128057),h:0,n:0,cr:0;
p:(0.98033,0.127557),h:0,n:0,cr:0;
p:(0.969819,0.150584),h:0,n:0,cr:0;
p:(0.980712,0.12319),h:0,n:0,cr:0;
p:(0.979896,0.159689),h:0,n:0,cr:0;
p:(0.999447,0.126726),h:0,n:0,cr:0;
p:(0.966629,0.116086),h:0,n:0,cr:0;
p:(0.950336,0.143796),h:0,n:0,cr:0;
p:(0.985342,0.110208),h:0,n:0,cr:0;
p:(0.943585,0.12884),h:0,n:0,cr:0;
p:(0.948066,0.162674),h:0,n:0,cr:0;
p:(0.973207,0.183072),h:0,n:0,cr:0;
p:(0.981761,0.184177),h:0,n:0,cr:0;
p:(0.979257,0.0974995),h:0,n:0,cr:0;
p:(0.932422,0.138699),h:0,n:0,cr:0;
p:(0.95594,0.184406),h:0,n:0,cr:0;
p:(0.930573,0.152352),h:0,n:0,cr:0;
p:(0.929235,0.142511),h:0,n:0,cr:0;
p:(0.946464,0.183127),h:0,n:0,cr:0;
p:(0.957189,0.192233),h:0,n:0,cr:0;
p:(0.922366,0.162253),h:0,n:0,cr:0;
p:(0.946855,0.197467),h:0,n:0,cr:0;
p:(0.916966,0.117414),h:0,n:0,cr:0;
p:(0.934325,0.195652),h:0,n:0,cr:0;
p:(0.922585,0.187986),h:0,n:0,cr:0;
p:(0.904395,0.143775),h:0,n:0,cr:0;
p:(0.919661,0.0941156),h:0,n:0,cr:0;
p:(0.903389,0.119183),h:0,n:0,cr:0;
p:(0.912346,0.090859),h:0,n:0,cr:0;
p:(0.904099,0.188493),h:0,n:0,cr:0;
p:(0.887643,0.154421),h:0,n:0,cr:0;
p:(0.948914,0.0523816),h:0,n:0,cr:0;
p:(0.898772,0.199094),h:0,n:0,cr:0;
p:(0.888421,0.184442),h:0,n:0,cr:0;
p:(0.976558,0.0355103),h:0,n:0,cr:0;
p:(0.938114,0.0439586),h:0,n:0,cr:0;
p:(0.903706,0.215992),h:0,n:0,cr:0;
p:(0.909159,0.0601644),h:0,n:0,cr:0;
p:(0.875007,0.113628),h:0,n:0,cr:0;
p:(0.87113,0.149948),h:0,n:0,cr:0;
p:(0.876976,0.186378),h:0,n:0,cr:0;
p:(0.890659,0.0629722),h:0,n:0,cr:0;
p:(0.934937,0.0302512),h:0,n:0,cr:0;
p:(0.895331,0.055658),h:0,n:0,cr:0;
p:(0.888903,0.050281),h:0,n:0,cr:0;
p:(0.910557,0.0320041),h:0,n:0,cr:0;
p:(0.89309,0.0435265),h:0,n:0,cr:0;
p:(0.947026,0.0126133),h:0,n:0,cr:0;
p:(0.866319,0.0720837),h:0,n:0,cr:0;
p:(0.969141,0.00785817),h:0,n:0,cr:0;
p:(0.954076,0.00973547),h:0,n:0,cr:0;
p:(0.94558,0.0102226),h:0,n:0,cr:0;
p:(0.879306,0.231589),h:0,n:0,cr:0;
p:(0.961272,0.00214023),h:0,n:0,cr:0;
p:(0.850111,0.193952),h:0,n:0,cr:0;
p:(0.843949,0.180172),h:0,n:0,cr:0;
p:(0.877763,0.241521),h:0,n:0,cr:0;
p:(0.890397,0.0281031),h:0,n:0,cr:0;
p:(0.83937,0.171038),h:0,n:0,cr:0;
p:(0.85318,0.210595),h:0,n:0,cr:0;
p:(0.85395,0.216596),h:0,n:0,cr:0;
p:(0.835767,0.17688),h:0,n:0,cr:0;
p:(0.867414,0.0381095),h:0,n:0,cr:0;
p:(0.867895,0.0281013),h:0,n:0,cr:0;
p:(0.82874,0.190228),h:0,n:0,cr:0;
p:(0.859843,0.0328649),h:0,n:0,cr:0;
p:(0.883259,0.00575271),h:0,n:0,cr:0;
p:(0.821063,0.19221),h:0,n:0,cr:0;
p:(0.847999,0.244042),h:0,n:0,cr:0;
p:(0.83566,0.240787),h:0,n:0,cr:0;
p:(0.847934,0.261409),h:0,n:0,cr:0;
p:(0.793436,0.169497),h:0,n:0,cr:0;
p:(0.790606,0.178712),h:0,n:0,cr:0;
p:(0.805121,0.223257),h:0,n:0,cr:0;
p:(0.81652,0.244536),h:0,n:0,cr:0;
p:(0.807719,0.230963),h:0,n:0,cr:0;
p:(0.790739,0.192809),h:0,n:0,cr:0;
p:(0.782856,0.17021),h:0,n:0,cr:0;
p:(0.812782,0.260092),h:0,n:0,cr:0;
p:(0.778216,0.223504),h:0,n:0,cr:0;
p:(0.830672,0.307405),h:0,n:0,cr:0;
p:(0.754914,0.154857),h:0,n:0,cr:0;
p:(0.760961,0.19757),h:0,n:0,cr:0;
p:(0.7532,0.163857),h:0,n:0,cr:0;
p:(0.766903,0.229959),h:0,n:0,cr:0;
p:(0.74947,0.154503),h:0,n:0,cr:0;
p:(0.748448,0.145128),h:0,n:0,cr:0;
p:(0.751413,0.178274),h:0,n:0,cr:0;
p:(0.816398,0.315954),h:0,n:0,cr:0;
p:(0.750763,0.225276),h:0,n:0,cr:0;
p:(0.807564,0.316411),h:0,n:0,cr:0;
p:(0.79144,0.299453),h:0,n:0,cr:0;
p:(0.766991,0.267401),h:0,n:0,cr:0;
p:(0.799492,0.315333),h:0,n:0,cr:0;
p:(0.724527,0.144104),h:0,n:0,cr:0;
p:(0.797066,0.321109),h:0,n:0,cr:0;
p:(0.724752,0.170562),h:0,n:0,cr:0;
p:(0.716734,0.159513),h:0,n:0,cr:0;
p:(0.78025,0.313831),h:0,n:0,cr:0;
p:(0.757423,0.286256),h:0,n:0,cr:0;
p:(0.72041,0.216111),h:0,n:0,cr:0;
p:(0.752017,0.287293),h:0,n:0,cr:0;
p:(0.788491,0.334271),h:0,n:0,cr:0;
p:(0.731098,0.250702),h:0,n:0,cr:0;
p:(0.800706,0.355671),h:0,n:0,cr:0;
p:(0.792168,0.348237),h:0,n:0,cr:0;
p:(0.702782,0.191438),h:0,n:0,cr:0;
p:(0.697074,0.149644),h:0,n:0,cr:0;
p:(0.112481,0.640011),h:0,n:0,cr:0;
p:(0.103639,0.640153),h:0,n:0,cr:0;
p:(0.0868521,0.644589),h:0,n:0,cr:0;
p:(0.0865916,0.651961),h:0,n:0,cr:0;
p:(0.103787,0.679828),h:0,n:0,cr:0;
p:(0.136483,0.679708),h:0,n:0,cr:0;
p:(0.0637328,0.664405),h:0,n:0,cr:0;
p:(0.0765916,0.705977),h:0,n:0,cr:0;
p:(0.0727894,0.705925),h:0,n:0,cr:0;
p:(0.0562732,0.700752),h:0,n:0,cr:0;
p:(0.110448,0.72408),h:0,n:0,cr:0;
p:(0.0943228,0.723284),h:0,n:0,cr:0;
p:(0.0474685,0.704553),h:0,n:0,cr:0;
p:(0.0535711,0.714305),h:0,n:0,cr:0;
p:(0.109733,0.739091),h:0,n:0,cr:0;
p:(0.0545379,0.730483),h:0,n:0,cr:0;
p:(0.115796,0.748146),h:0,n:0,cr:0;
p:(0.121896,0.748124),h:0,n:0,cr:0;
p:(0.0775653,0.743959),h:0,n:0,cr:0;
p:(0.104623,0.750615),h:0,n:0,cr:0;
p:(0.139322,0.748029),h:0,n:0,cr:0;
p:(0.0113642,0.69728),h:0,n:0,cr:0;
p:(0.145927,0.751508),h:0,n:0,cr:0;
p:(0.102892,0.756037),h:0,n:0,cr:0;
p:(0.069765,0.748487),h:0,n:0,cr:0;
p:(0.0920254,0.755249),h:0,n:0,cr:0;
p:(0.0433006,0.735944),h:0,n:0,cr:0;
p:(0.0550742,0.745352),h:0,n:0,cr:0;
p:(0.000990032,0.69424),h:0,n:0,cr:0;
p:(0.0902916,0.772847),h:0,n:0,cr:0;
p:(0.00699694,0.725319),h:0,n:0,cr:0;
p:(0.0350416,0.751995),h:0,n:0,cr:0;
p:(0.0781482,0.773413),h:0,n:0,cr:0;
p:(0.0177049,0.740115),h:0,n:0,cr:0;
p:(0.0979529,0.781183),h:0,n:0,cr:0;
p:(0.0309072,0.761889),h:0,n:0,cr:0;
p:(0.0476491,0.775825),h:0,n:0,cr:0;
p:(0.0715704,0.788002),h:0,n:0,cr:0;
p:(0.0105943,0.758003),h:0,n:0,cr:0;
p:(0.0067285,0.756839),h:0,n:0,cr:0;
p:(0.0179765,0.767847),h:0,n:0,cr:0;
p:(0.0285493,0.77762),h:0,n:0,cr:0;
p:(0.0797683,0.798765),h:0,n:0,cr:0;
p:(0.025904,0.78442),h:0,n:0,cr:0;
p:(0.00302852,0.786283),h:0,n:0,cr:0;
p:(0.00122178,0.796489),h:0,n:0,cr:0;
p:(0.628562,0.395606),h:0,n:0,cr:0;
p:(0.623807,0.369072),h:0,n:0,cr:0;
p:(0.617337,0.357115),h:0,n:0,cr:0;
p:(0.632666,0.386071),h:0,n:0,cr:0;
p:(0.628001,0.335109),h:0,n:0,cr:0;
p:(0.651688,0.36283),h:0,n:0,cr:0;
p:(0.687512,0.427524),h:0,n:0,cr:0;
p:(0.657253,0.349832),h:0,n:0,cr:0;
p:(0.642724,0.316838),h:0,n:0,cr:0;
p:(0.63598,0.300763),h:0,n:0,cr:0;
p:(0.644108,0.311574),h:0,n:0,cr:0;
p:(0.698255,0.418979),h:0,n:0,cr:0;
p:(0.641306,0.298831),h:0,n:0,cr:0;
p:(0.667301,0.339018),h:0,n:0,cr:0;
p:(0.661238,0.328073),h:0,n:0,cr:0;
p:(0.645548,0.295431),h:0,n:0,cr:0;
p:(0.717504,0.440714),h:0,n:0,cr:0;
p:(0.662025,0.31393),h:0,n:0,cr:0;
p:(0.690056,0.361095),h:0,n:0,cr:0;
p:(0.67965,0.338769),h:0,n:0,cr:0;
p:(0.7093,0.398373),h:0,n:0,cr:0;
p:(0.719041,0.417872),h:0,n:0,cr:0;
p:(0.644737,0.265846),h:0,n:0,cr:0;
p:(0.67227,0.306458),h:0,n:0,cr:0;
p:(0.724748,0.416523),h:0,n:0,cr:0;
p:(0.690871,0.334503),h:0,n:0,cr:0;
p:(0.688985,0.330627),h:0,n:0,cr:0;
p:(0.716586,0.383708),h:0,n:0,cr:0;
p:(0.727196,0.406274),h:0,n:0,cr:0;
p:(0.731197,0.405869),h:0,n:0,cr:0;
p:(0.701547,0.331665),h:0,n:0,cr:0;
p:(0.639092,0.234),h:0,n:0,cr:0;
p:(0.673924,0.283095),h:0,n:0,cr:0;
p:(0.688308,0.304264),h:0,n:0,cr:0;
p:(0.727488,0.371766),h:0,n:0,cr:0;
p:(0.733218,0.381128),h:0,n:0,cr:0;
p:(0.732589,0.365865),h:0,n:0,cr:0;
p:(0.712535,0.324314),h:0,n:0,cr:0;
p:(0.654951,0.229752),h:0,n:0,cr:0;
p:(0.73055,0.353551),h:0,n:0,cr:0;
p:(0.714467,0.320871),h:0,n:0,cr:0;
p:(0.742111,0.369786),h:0,n:0,cr:0;
p:(0.72668,0.335873),h:0,n:0,cr:0;
p:(0.643228,0.206199),h:0,n:0,cr:0;
p:(0.683088,0.259321),h:0,n:0,cr:0;
p:(0.682383,0.257172),h:0,n:0,cr:0;
p:(0.69767,0.279914),h:0,n:0,cr:0;
p:(0.73027,0.337913),h:0,n:0,cr:0;
p:(0.660887,0.215224),h:0,n:0,cr:0;
p:(0.723826,0.311468),h:0,n:0,cr:0;
p:(0.721671,0.306353),h:0,n:0,cr:0;
p:(0.746892,0.350074),h:0,n:0,cr:0;
p:(0.675704,0.224387),h:0,n:0,cr:0;
p:(0.65729,0.19037),h:0,n:0,cr:0;
p:(0.691831,0.232996),h:0,n:0,cr:0;
p:(0.735269,0.294392),h:0,n:0,cr:0;
p:(0.6641,0.188484),h:0,n:0,cr:0;
p:(0.726557,0.276257),h:0,n:0,cr:0;
p:(0.711606,0.247964),h:0,n:0,cr:0;
p:(0.699265,0.227404),h:0,n:0,cr:0;
p:(0.772469,0.352739),h:0,n:0,cr:0;
p:(0.743227,0.292414),h:0,n:0,cr:0;
p:(0.723443,0.258371),h:0,n:0,cr:0;
p:(0.713412,0.240345),h:0,n:0,cr:0;
